Objeto do Contrato;Tipo de Procedimento;Tipo(s) de Contrato;CPV;CPV Tipo ;CPV Designação;CPV Valor;Entidade(s) Adjudicante(s);Entidade(s) Adjudicatária(s);Preço Contratual;Data de Publicação;Data de Celebração do Contrato;Prazo de Execução;Local de Execução;Fundamentação;Causa de Extinção do Contrato;Data de Fecho do Contrato;Preço Total Efetivo;Causas das Alterações ao Prazo;Causas das Alterações ao Preço;Estado;N.º registo do Acordo Quadro;Descrição do Acordo Quadro;Procedimento Centralizado;Ligação para Peças do Procedimento;Lista de Fornecedores (cocontratantes);Aquisição ao Abrigo de Acordo Quadro de outro Estado-membro da UE;Medidas especiais;Regime;Critérios Materiais;CCP;groupMembers
"Remodelação da praia das Palmeiras, manutenção da praia dos Reis Magos e frente mar de Santa Cruz";Concurso público;Empreitadas de obras públicas;45259000-7;Principal;Reparação e manutenção de instalações;138440.2 € ;Município de Santa Cruz (511244681);"SCTM - Sociedade Construções Técnicas da Madeira, Lda (511260822)";"138.440,20 €";06-04-2026;27-03-2026;90 dias;Portugal;"Artigo 19.º, alínea b) do Código dos Contratos Públicos";;;;;;;Não aplicável.;Não aplicável.;false;https://www.acingov.pt/acingovprod/2/zonaPublica/zona_publica_c/donwloadProcedurePiece/MTA1NzEwMw;false;;;"Código dos Contratos Públicos (DL 111-B/2017) e Lei n.º 30/2021, de 21.05 e DLR nº 34/2008/M, de 14.08 (DLR n.º 6/2018/M)";false;false;
Empreitada de Reabilitação de Fogos Devolutos no Funchal;Concurso público;Empreitadas de obras públicas;45453100-8;Principal;Obras de recuperação;275000.0 € ;"IHM - Investimentos Habitacionais da Madeira, EPERAM (511035365)";"Sales, Faria & Andrade- Sociedade de Construções Ldª (511031181)";"275.000,00 €";06-04-2026;02-03-2026;240 dias;Portugal;"Artigo 19.º, alínea b) do Código dos Contratos Públicos";;;;;;;Não aplicável.;Não aplicável.;false;https://www.acingov.pt/acingovprod/2/zonaPublica/zona_publica_c/donwloadProcedurePiece/OTg4OTUz;false;;;"Código dos Contratos Públicos (DL 111-B/2017) e Lei n.º 30/2021, de 21.05 e DLR nº 34/2008/M, de 14.08 (DLR n.º 6/2018/M)";false;false;
"Concurso Público com publicidade no Jornal Oficial da União Europeia (JOUE) para aquisição de licenciamento de software Microsoft e serviços conexos para o Instituto para os Comportamentos Aditivos e as Dependências (ICAD, I.P.).";Concurso público;Aquisição de bens móveis;48200000-0;Principal;"Pacote de software para ligações em rede, Internet e intranet";338257.16 € ;"Instituto para os Comportamentos Aditivos e as Dependências, IP (517839539)";"Claranet II Solutions, SA (510728189)";"338.257,16 €";06-04-2026;25-03-2026;275 dias;"Portugal, Lisboa, Lisboa";"Artigo 20.º, n.º 1, alínea a) do Código dos Contratos Públicos";;;;;;;Não aplicável.;Não aplicável.;true;https://community.vortal.biz/Public/public-tender-documents/NHQzd0pnTDAwVFdMYzZJWCtramE5NXIwd3g4Tit6aTkxWFgxMDBVUmhsN0ZXaEc3MGtmNUlZODZLYXBVcHd3aThmcU1WZVRvKzBVNERSVXB4bEFKbXc9PSMzKkhf;false;;;"Código dos Contratos Públicos (DL111-B/2017) e Lei n.º 30/2021, de 21.05";false;false;
Serviços análise de dados para manutenção evolutiva/corretiva da solução de Business Intelligence do SNS 24;Concurso público;Aquisição de serviços;72500000-0;Principal;Serviços relacionados com a informática;283966.4 € ;"Serviços Partilhados do Ministério da Saúde, EPE (509540716)";"Integer Consulting, S.A. (507969332)";"283.966,40 €";06-04-2026;30-03-2026;578 dias;Portugal<BR/>Portugal;"Artigo 20.º, n.º 1, alínea a) do Código dos Contratos Públicos";;;;;;;Não aplicável.;Não aplicável.;false;https://community.vortal.biz/Public/public-tender-documents/Rzloby94ZnhwY0Zra3U5S0RBajNsZlZiNVFwak8zY056OG9acXlRYXozR1l2U09rVE42cDRjN3BjWk01MUg4dS9FekRPNzVrdm53ejhXZW5tYkRVSmc9PWhpOCRh;false;;;"Código dos Contratos Públicos (DL111-B/2017) e Lei n.º 30/2021, de 21.05";false;false;
"Serviços de técnico de suporte IT, para o suporte interno da SPMS, EPE";Concurso público;Aquisição de serviços;72500000-0;Principal;Serviços relacionados com a informática;489828.77 € ;"Serviços Partilhados do Ministério da Saúde, EPE (509540716)";"IDW - CONSULTORIA EM SERVIÇOS DE INFORMAÇÃO, LDA  (504243926)";"489.828,77 €";06-04-2026;30-03-2026;975 dias;Portugal<BR/>Portugal;"Artigo 20.º, n.º 1, alínea a) do Código dos Contratos Públicos";;;;;;;Não aplicável.;Não aplicável.;false;https://community.vortal.biz/Public/public-tender-documents/ZWdvZkxFQTUzTm9zbWx6cmNmUWdDRnZLVDU3cFRSNGZqeEFDbll3K1lXT05aQS9Zd3ZLNzVCbzI3eUhoOTcrU2lVNDgvMEVGZ004b2psVEFkejhBRVE9PXN2UHpu;false;;;"Código dos Contratos Públicos (DL111-B/2017) e Lei n.º 30/2021, de 21.05";false;false;
Empreitada de consolidação estrutural das encostas sobranceiras à Rua Dr.º João Serra Velez Caroço;Concurso público;Empreitadas de obras públicas;45243510-0;Principal;Construção de taludes;1276000.0 € ;Câmara Municipal do Funchal (511217315);"Tecnovia Madeira, Sociedade de Empreitadas SA (511099177)";"1.276.000,00 €";06-04-2026;30-03-2026;540 dias;"Portugal, Região Autónoma da Madeira, Funchal";"Artigo 19.º, alínea b) do Código dos Contratos Públicos";;;;;;;Não aplicável.;Não aplicável.;false;https://www.acingov.pt/acingovprod/2/zonaPublica/zona_publica_c/donwloadProcedurePiece/MTA1MjA4MA;false;;;"Código dos Contratos Públicos (DL 111-B/2017) e Lei n.º 30/2021, de 21.05 e DLR nº 34/2008/M, de 14.08 (DLR n.º 6/2018/M)";false;false;
"CP/1394/2025- Serviço de viagens, transporte aéreo, ferroviário e rodoviário e alojamento ";Concurso público;Aquisição de serviços;63000000-9;Principal;"Serviços anexos e auxiliares dos transportes; serviços de agências de viagens";46024.0 € ;Gabinete do Secretário de Estado do Ambiente (600084655);"Motionmiles - Viagens e Turismo Unipessoal, Lda (518196852)";"46.024,00 €";06-04-2026;25-03-2026;365 dias;Portugal;"Artigo 20.º, n.º 1, alínea a) do Código dos Contratos Públicos";;;;;;;Não aplicável.;Não aplicável.;true;https://www.acingov.pt/acingovprod/2/zonaPublica/zona_publica_c/donwloadProcedurePiece/MTAwMjMxNA;false;;;"Código dos Contratos Públicos (DL111-B/2017) e Lei n.º 30/2021, de 21.05";false;false;
CONTRATAÇÃO DA LOCAÇÃO DE EQUIPAMENTOS SANITÁRIOS PARA APOIO A EVENTOS;Concurso público;Locação de bens móveis;24955000-3;Principal;Instalações sanitárias químicas;57470.0 € ;Município de Loulé (502098139);"WCLOC Portugal, Lda. (510029116)";"57.470,00 €";06-04-2026;16-03-2026;1021 dias;"Portugal, Faro, Loulé";"Artigo 20.º, n.º 1, alínea b) do Código dos Contratos Públicos";;;;;;;Não aplicável.;Não aplicável.;false;https://community.vortal.biz/Public/public-tender-documents/VGxaS0lta2w2c0daMit4dzk3SEJSSmZvVjR5UVZqUXhNc3FNcExWVms5NUJYNWt3bG5qYlVEN3pFWnZURnhKZ3lHSVRZQSt1UW9MTHhKaFhxUmkyS3c9PVR0Uygw;false;;;"Código dos Contratos Públicos (DL111-B/2017) e Lei n.º 30/2021, de 21.05";false;false;
"Serviços de Seguros de Acidentes de Trabalhos, para a SPMS, E.P.E ";Concurso público;Aquisição de serviços;66510000-8;Principal;Serviços de seguros;138231.49 € ;"Serviços Partilhados do Ministério da Saúde, EPE (509540716)";"Willis - Corretores de Seguros, S.A. (500188629)";"138.231,49 €";06-04-2026;30-03-2026;1095 dias;Portugal;"Artigo 20.º, n.º 1, alínea a) do Código dos Contratos Públicos";;;;;;;Não aplicável.;Não aplicável.;false;https://community.vortal.biz/Public/public-tender-documents/azBzZDZZcVBpdTJkTFovZ3BwMkVJdlBHNG1NL2FEUU5JMnIyeGwvenpFaFdoYjFLOVNEbno5NGdYM04xSGs3dWMxc3lVRVEwZ2piZDNnVW9OZ2FLZHc9PUhHS2N0;false;;;"Código dos Contratos Públicos (DL111-B/2017) e Lei n.º 30/2021, de 21.05";false;false;
Empreitada de ampliação e remodelação da rede geral de abastecimento de água 2026/2027;Concurso público;Empreitadas de obras públicas;45232150-8;Principal;Obras relacionadas com condutas para abastecimento de água;87840.0 € ;MUNICÍPIO DE ALBUFEIRA (503539473);Paulo Jorge Carreira Bento;"87.840,00 €";06-04-2026;30-03-2026;487 dias;"Portugal, Faro, Albufeira";"Artigo 19.º, alínea b) do Código dos Contratos Públicos";;;;;;;Não aplicável.;Não aplicável.;false;https://community.vortal.biz/Public/public-tender-documents/dEVWemlMWThhTUxLT2VtWnV3OVMzYm9zNytDcHlLWVQrOVBpTUpuZm93bXRNd1IxOG9pN01VRFlZUWptdWh4MXlTdDIwdEU2MzI4NzU5TkdPZjRueGc9PV5MQk44;false;;;"Código dos Contratos Públicos (DL111-B/2017) e Lei n.º 30/2021, de 21.05";false;false;
Serviços de suporte transversal para a Unidade de Coordenação de Sistemas de Gestão de Recursos (USGR);Concurso público;Aquisição de serviços;72500000-0;Principal;Serviços relacionados com a informática;73543.68 € ;"Serviços Partilhados do Ministério da Saúde, EPE (509540716)";Winning Lda (510098711);"73.543,68 €";06-04-2026;30-03-2026;269 dias;Portugal<BR/>Portugal;"Artigo 20.º, n.º 1, alínea b) do Código dos Contratos Públicos";;;;;;;Não aplicável.;Não aplicável.;false;https://community.vortal.biz/Public/public-tender-documents/S2YxbmNyanViV0d0RFgrZzB3cnV0UWp0dEllK1VpNWdySEdwaDJwSlJvdFpJWmpFNzA5cHBMY2VWWDJSWEk1TEFpM29QYXkxVVVIUjVvOHkxcE5lZUE9PU1jOGRZ;false;;;"Código dos Contratos Públicos (DL111-B/2017) e Lei n.º 30/2021, de 21.05";false;false;
REABILITAÇÃO DE CAMPO DESPORTIVO;Concurso público;Empreitadas de obras públicas;45236119-7;Principal;Obras de reparação de campos desportivos;270000.0 € ;Município de Vale de Cambra (506735524);"Playpiso, infraestruturas e equipamentos desportivos, S.A. (505364581)";"270.000,00 €";06-04-2026;19-03-2026;180 dias;"Portugal, Aveiro, Vale de Cambra";"Artigo 19.º, alínea b) do Código dos Contratos Públicos";;;;;;;Não aplicável.;Não aplicável.;false;https://community.vortal.biz/Public/public-tender-documents/ZU9vWXpnV1RNemw2SnI0bzhFY1BTU3ZtbUQvWEUvQkV1ZHhGRklCMVYrK1F0WDdZMDBYQVZUcHc3TWpSYjkyV3phRzZsdFBUK3dVak5sbEc3cExEZ2c9PXUyeEdO;false;;;"Código dos Contratos Públicos (DL111-B/2017) e Lei n.º 30/2021, de 21.05";false;false;
Serviços para Avaliação EMRAM e INFRAM nas Unidades De Saúde do SNS- Pilar 3 - Reforma dos SI Disponibilizados ao Profissional (PRR) - Lote 2- Serviço local – Zona 1;Concurso público;Aquisição de serviços;72500000-0;Principal;Serviços relacionados com a informática;282730.0 € ;"Serviços Partilhados do Ministério da Saúde, EPE (509540716)";Winning Lda (510098711);"282.730,00 €";06-04-2026;30-03-2026;85 dias;"Portugal, Lisboa, Lisboa<BR/>Portugal";"Artigo 20.º, n.º 1, alínea a) do Código dos Contratos Públicos";;;;;;;Não aplicável.;Não aplicável.;false;https://community.vortal.biz/Public/public-tender-documents/TEFuZ1NJbG9zL2lPNEQ3cVdadWs0TENQaW5haUh3UTlaV3FFeGcvS2s0bVg5Q1I2Wi8rZ1Z3QTZ2RTU0K1l2aExXRDNlem9CMklZNXJtMGJQYTJNTkE9PVBGd3oo;false;;;"Código dos Contratos Públicos (DL111-B/2017) e Lei n.º 30/2021, de 21.05";false;false;
Serviços de ativação de sistema de cuidados de saúde nas unidades locais de saúde e/ou outras instituições (PRR);Concurso público;Aquisição de serviços;72500000-0;Principal;Serviços relacionados com a informática;744859.0 € ;"SPMS- Serviços Partilhados do M. da Saúde, E.P.E. (509540716)";"Timestamp - Sistemas de Informação, S.A. (506360237)";"744.859,00 €";06-04-2026;30-03-2026;60 dias;Portugal<BR/>Portugal;"Artigo 20.º, n.º 1, alínea a) do Código dos Contratos Públicos";;;;;;;Não aplicável.;Não aplicável.;false;https://community.vortal.biz/Public/public-tender-documents/a0VVWnVEdkgyWW1FcmJwTW1FMlFzRG8wVjF0UjFjSXNFME55U1B2NmlTY3NRbGN6V2sxcEpDckhSZWxIRlg5TUdtTmlaOVFMKzZMaXRGdTJaSU9YREE9PU9zcyZs;false;;;"Código dos Contratos Públicos (DL111-B/2017) e Lei n.º 30/2021, de 21.05";false;false;
"Aquisição de Serviços ""Ask Me""";Concurso público;Aquisição de serviços;79620000-6;Principal;"Serviços de fornecimento de pessoal, inclusive temporário";432000.0 € ;"Parques de Sintra - Monte da Lua, SA (505174839)";"FLEXIBLE DETAILS, LDA (518244954)";"432.000,00 €";06-04-2026;31-03-2026;1096 dias;"Portugal, Lisboa, Sintra";"Artigo 20.º, n.º 1, alínea a) do Código dos Contratos Públicos";;;;;;;Não aplicável.;Não aplicável.;false;https://community.vortal.biz/Public/public-tender-documents/OGhXNGdFWnJwc0lWSk55YkpyK2lDV1pPQlVHMURjOVNGRCtoMkdLOFQ0WVpSUDBmZUg0NHptOUFIdEJCUGpFVkFOOUhHUFhMa0IyMThXVTE2emNwU0E9PURPK0Rl;false;;;"Código dos Contratos Públicos (DL111-B/2017) e Lei n.º 30/2021, de 21.05";false;false;
Fornecimento contínuo de sinalização de trânsito ;Concurso público;Aquisição de bens móveis;34928470-3;Principal;Sinalização;53804.45 € ;Município de Chaves (501205551);"Bricantel - Comércio de Mat. Electrico de Bragança, S.A. (502888539)";"53.804,45 €";06-04-2026;31-03-2026;365 dias;"Portugal, Vila Real, Chaves";"Artigo 20.º, n.º 1, alínea b) do Código dos Contratos Públicos";;;;;;;Não aplicável.;Não aplicável.;false;https://community.vortal.biz/Public/public-tender-documents/eWx1UWJtb2t5cUJYRXREb0FrdmV5RVY3bDFVNnBFK09MZWJiYW9aYXN2cnZsRXZDRGVlS09iejRqKy9ZdDNGemtnTC9HREJNS1JBVEh1cDZCQVVwcUE9PVFxQzJj;false;;;"Código dos Contratos Públicos (DL111-B/2017) e Lei n.º 30/2021, de 21.05";false;false;
Aquisição de serviços de Encarregado de Proteção de Dados (EPD) para as Unidades Orgânicas da Universidade de Lisboa (ULisboa);Concurso público;Aquisição de serviços;79000000-4;Principal;"Serviços a empresas: direito, comercialização, consultoria, recrutamento, impressão e segurança";4068.0 € ;Instituto Superior de Ciências Sociais e Políticas (600019152);PricewterhouseCoopers Legal - SOCIEDADE DE ADVOGADOS SP RL (514641380);"4.068,00 €";06-04-2026;30-03-2026;365 dias;"Portugal, Lisboa, Lisboa";"Artigo 20.º, n.º 1, alínea b) do Código dos Contratos Públicos";;;;;;;Não aplicável.;Não aplicável.;true;https://www.acingov.pt/acingovprod/2/zonaPublica/zona_publica_c/donwloadProcedurePiece/MTAwNDUzMg;false;;;"Código dos Contratos Públicos (DL111-B/2017) e Lei n.º 30/2021, de 21.05";false;false;
Arruamentos em Loulé – Melhoria de acessibilidades na Rua Dra. Laura Ayres;Concurso público;Empreitadas de obras públicas;45233262-3;Principal;Construção de zona pedonal;46800.07 € ;Município de Loulé (502098139);"Relvas, Nunes & Luz, Lda (500401489)";"46.800,07 €";06-04-2026;11-12-2025;90 dias;"Portugal, Faro, Loulé";"Artigo 19.º, alínea b) do Código dos Contratos Públicos";;;;;;;Não aplicável.;Não aplicável.;false;https://community.vortal.biz/Public/public-tender-documents/c29JcnlKYkwzOHJGcVdBQWFUSGR6K0xiYWsvaUtJdzhYYnhvallyeStITEVuaU5pNzhGbk1UU3JaOCs4Vll2OHViQmNsYklLTit0ZHF6K1dGK2lJZ3c9PUFlaiF6;false;;;"Código dos Contratos Públicos (DL111-B/2017) e Lei n.º 30/2021, de 21.05";false;false;
Aquisição de Material para UCI;Concurso público;Aquisição de bens móveis;33140000-3;Principal;Material médico de consumo;6000.0 € ;"Unidade Local de Saúde do Algarve, EPE (510745997)";"MEDTRONIC PORTUGAL, UNIPESSOAL,  LDA. (504223933)";"6.000,00 €";06-04-2026;04-03-2026;365 dias;"Portugal, Faro, Portimão<BR/>Portugal, Faro, Faro";"Artigo 20.º, n.º 1, alínea a) do Código dos Contratos Públicos";;;;;;;Não aplicável.;Não aplicável.;false;https://community.vortal.biz/Public/public-tender-documents/UXBBNFlJY1pKWGtJMGthTVV6ZHloM01md0lNR1VNR2gxdlVQZ1IwcEYxQUNkdmhsZzhsRDF2Q25GaGdmMTVvNEpxL0R0Y2tFSEpUNVlvU2Y3RmhJYXc9PUlZamcy;false;;;"Código dos Contratos Públicos (DL111-B/2017) e Lei n.º 30/2021, de 21.05";false;false;
Aquisição de Material para UCI;Concurso público;Aquisição de bens móveis;33140000-3;Principal;Material médico de consumo;5446.8 € ;"Unidade Local de Saúde do Algarve, EPE (510745997)";"VYGON (Portugal), Lda (503232785)";"5.446,80 €";06-04-2026;04-03-2026;365 dias;"Portugal, Faro, Faro<BR/>Portugal, Faro, Portimão";"Artigo 20.º, n.º 1, alínea a) do Código dos Contratos Públicos";;;;;;;Não aplicável.;Não aplicável.;false;https://community.vortal.biz/Public/public-tender-documents/UXBBNFlJY1pKWGtJMGthTVV6ZHloM01md0lNR1VNR2gxdlVQZ1IwcEYxQUNkdmhsZzhsRDF2Q25GaGdmMTVvNEpxL0R0Y2tFSEpUNVlvU2Y3RmhJYXc9PUlZamcy;false;;;"Código dos Contratos Públicos (DL111-B/2017) e Lei n.º 30/2021, de 21.05";false;false;
Execução de ramais de abastecimento de água e de águas residuais;Concurso público;Empreitadas de obras públicas;45231300-8;Principal;Construção de condutas para água e águas residuais;1140870.0 € ;"A. D. A. M. - Águas do Alto Minho, SA (515486159)";"Monte &amp; Monte (504008404)";"1.140.870,00 €";06-04-2026;24-03-2026;1096 dias;"Portugal, Viana do Castelo, Ponte de Lima";"Artigo 19.º, alínea a) do Código dos Contratos Públicos";;;;;;;Não aplicável.;Não aplicável.;false;https://www.acingov.pt/acingovprod/2/zonaPublica/zona_publica_c/donwloadProcedurePiece/MTAxMTQ0Ng;false;;;"Código dos Contratos Públicos (DL111-B/2017) e Lei n.º 30/2021, de 21.05";false;false;
Aquisição de Material para UCI;Concurso público;Aquisição de bens móveis;33140000-3;Principal;Material médico de consumo;42630.0 € ;"Unidade Local de Saúde do Algarve, EPE (510745997)";"USV MED, Lda. (516125885)";"42.630,00 €";06-04-2026;17-03-2026;365 dias;"Portugal, Faro, Faro<BR/>Portugal, Faro, Portimão";"Artigo 20.º, n.º 1, alínea a) do Código dos Contratos Públicos";;;;;;;Não aplicável.;Não aplicável.;false;https://community.vortal.biz/Public/public-tender-documents/UXBBNFlJY1pKWGtJMGthTVV6ZHloM01md0lNR1VNR2gxdlVQZ1IwcEYxQUNkdmhsZzhsRDF2Q25GaGdmMTVvNEpxL0R0Y2tFSEpUNVlvU2Y3RmhJYXc9PUlZamcy;false;;;"Código dos Contratos Públicos (DL111-B/2017) e Lei n.º 30/2021, de 21.05";false;false;
Aquisição de serviços de Encarregado de Proteção de Dados (EPD) para as Unidades Orgânicas da Universidade de Lisboa (ULisboa);Concurso público;Aquisição de serviços;79000000-4;Principal;"Serviços a empresas: direito, comercialização, consultoria, recrutamento, impressão e segurança";9180.0 € ;Faculdade de Ciências (502618418);PricewterhouseCoopers Legal - SOCIEDADE DE ADVOGADOS SP RL (514641380);"9.180,00 €";06-04-2026;30-03-2026;365 dias;"Portugal, Lisboa, Lisboa";"Artigo 20.º, n.º 1, alínea b) do Código dos Contratos Públicos";;;;;;;Não aplicável.;Não aplicável.;true;https://www.acingov.pt/acingovprod/2/zonaPublica/zona_publica_c/donwloadProcedurePiece/MTAwNDUzMg;false;;;"Código dos Contratos Públicos (DL111-B/2017) e Lei n.º 30/2021, de 21.05";false;false;
Execução de ramais de abastecimento de água e de águas residuais;Concurso público;Empreitadas de obras públicas;45231300-8;Principal;Construção de condutas para água e águas residuais;465738.0 € ;"A. D. A. M. - Águas do Alto Minho, SA (515486159)";"Monte &amp; Monte (504008404)";"465.738,00 €";06-04-2026;24-03-2026;1096 dias;"Portugal, Viana do Castelo, Ponte de Lima";"Artigo 19.º, alínea a) do Código dos Contratos Públicos";;;;;;;Não aplicável.;Não aplicável.;false;https://www.acingov.pt/acingovprod/2/zonaPublica/zona_publica_c/donwloadProcedurePiece/MTAxMTQ0Ng;false;;;"Código dos Contratos Públicos (DL111-B/2017) e Lei n.º 30/2021, de 21.05";false;false;
Execução de ramais de abastecimento de água e de águas residuais;Concurso público;Empreitadas de obras públicas;45231300-8;Principal;Construção de condutas para água e águas residuais;1834780.0 € ;"A. D. A. M. - Águas do Alto Minho, SA (515486159)";"Monte &amp; Monte (504008404)";"1.834.780,00 €";06-04-2026;19-03-2026;1096 dias;"Portugal, Viana do Castelo, Viana do Castelo";"Artigo 19.º, alínea a) do Código dos Contratos Públicos";;;;;;;Não aplicável.;Não aplicável.;false;https://www.acingov.pt/acingovprod/2/zonaPublica/zona_publica_c/donwloadProcedurePiece/MTAxMTQ0NA;false;;;"Código dos Contratos Públicos (DL111-B/2017) e Lei n.º 30/2021, de 21.05";false;false;
Aquisição de Material para UCI;Concurso público;Aquisição de bens móveis;33140000-3;Principal;Material médico de consumo;775.1 € ;"Unidade Local de Saúde do Algarve, EPE (510745997)";"TEPREL - EQUIPAMENTOS MÉDICOS, S.A. (502262184)";"775,10 €";06-04-2026;04-03-2026;365 dias;"Portugal, Faro, Portimão<BR/>Portugal, Faro, Faro";"Artigo 20.º, n.º 1, alínea a) do Código dos Contratos Públicos";;;;;;;Não aplicável.;Não aplicável.;false;https://community.vortal.biz/Public/public-tender-documents/UXBBNFlJY1pKWGtJMGthTVV6ZHloM01md0lNR1VNR2gxdlVQZ1IwcEYxQUNkdmhsZzhsRDF2Q25GaGdmMTVvNEpxL0R0Y2tFSEpUNVlvU2Y3RmhJYXc9PUlZamcy;false;;;"Código dos Contratos Públicos (DL111-B/2017) e Lei n.º 30/2021, de 21.05";false;false;
"Elaboração de Projetos Especiais para a Escola Secundária Padre António Macedo, em Vila Nova de Santo André.";Concurso público;Aquisição de serviços;71240000-2;Principal;"Serviços de arquitectura, engenharia e planeamento";58740.0 € ;Município de Santiago do Cacém (502130040);Born to proj consultoria e projeto lda  (508981999);"58.740,00 €";06-04-2026;31-03-2026;120 dias;"Portugal, Setúbal, Santiago do Cacém";"Artigo 155.º, alínea b) do Código dos Contratos Públicos";;;;;;;Não aplicável.;Não aplicável.;false;https://community.vortal.biz/Public/public-tender-documents/ZVlJaHZVTmpWQXg4aXFkb0RoL0tFWWtoWmY4RUtLbnluZi8vQ0hJcjF5WlF3c0Z5enlsYmkyQzRJWlpDdU96UTNTcUpHdlVwMXdzK0JFMTFYVXoyT3c9PThzYlpZ;false;;;"Código dos Contratos Públicos (DL111-B/2017) e Lei n.º 30/2021, de 21.05";false;false;
Aquisição de serviços de Encarregado de Proteção de Dados (EPD) para as Unidades Orgânicas da Universidade de Lisboa (ULisboa);Concurso público;Aquisição de serviços;79000000-4;Principal;"Serviços a empresas: direito, comercialização, consultoria, recrutamento, impressão e segurança";3864.0 € ;Faculdade de Farmácia da Universidade de Lisboa (502659807);PricewterhouseCoopers Legal - SOCIEDADE DE ADVOGADOS SP RL (514641380);"3.864,00 €";06-04-2026;30-03-2026;365 dias;"Portugal, Lisboa, Lisboa";"Artigo 20.º, n.º 1, alínea b) do Código dos Contratos Públicos";;;;;;;Não aplicável.;Não aplicável.;true;https://www.acingov.pt/acingovprod/2/zonaPublica/zona_publica_c/donwloadProcedurePiece/MTAwNDUzMg;false;;;"Código dos Contratos Públicos (DL111-B/2017) e Lei n.º 30/2021, de 21.05";false;false;
Aquisição de serviços de Encarregado de Proteção de Dados (EPD) para as Unidades Orgânicas da Universidade de Lisboa (ULisboa);Concurso público;Aquisição de serviços;79000000-4;Principal;"Serviços a empresas: direito, comercialização, consultoria, recrutamento, impressão e segurança";2952.0 € ;Faculdade de Medicina Veterinária (502286326);PricewterhouseCoopers Legal - SOCIEDADE DE ADVOGADOS SP RL (514641380);"2.952,00 €";06-04-2026;30-03-2026;365 dias;"Portugal, Lisboa, Lisboa";"Artigo 20.º, n.º 1, alínea b) do Código dos Contratos Públicos";;;;;;;Não aplicável.;Não aplicável.;true;https://www.acingov.pt/acingovprod/2/zonaPublica/zona_publica_c/donwloadProcedurePiece/MTAwNDUzMg;false;;;"Código dos Contratos Públicos (DL111-B/2017) e Lei n.º 30/2021, de 21.05";false;false;
"2026/0198 - SERVIÇOS DE ARMAZENAMENTO, PRODUÇÃO E DISTRIBUIÇÃO DE KITS";Concurso público;Aquisição de serviços;79921000-6;Principal;Serviços de embalagem;189000.0 € ;"Serviços Partilhados do Ministério da Saúde, EPE (509540716)";efervescente (506738400);"189.000,00 €";04-04-2026;16-03-2026;275 dias;"Portugal, Lisboa, Lisboa";"Artigo 20.º, n.º 1, alínea b) do Código dos Contratos Públicos";;;;;;;Não aplicável.;Não aplicável.;false;https://community.vortal.biz/Public/public-tender-documents/MzNSVytZOXBMcEdaazVyVmttTDJBM0d1YXlQM3lzUFdLb3ZaUGVIMlI4VkJsR1dhU05acDZVWGhMSDdhSTlIcFR1RnRBQ1FVSG51RjkwcnpOZC9mVmc9PXJmK3hY;false;;;"Código dos Contratos Públicos (DL111-B/2017) e Lei n.º 30/2021, de 21.05";false;false;
"Aquisição de Serviços de Atendimento ao Cliente, em regime de Outsourcing para o Serviço de Contact Center do Instituto da Mobilidade e dos Transportes";Concurso público;Aquisição de serviços;79510000-2;Principal;Serviços de atendimento de telefones;2162160.0 € ;"Instituto da Mobilidade e dos Transportes, IP (508195446)";Synchro - Serviços em Outsourcing Lda (504136992);"2.162.160,00 €";04-04-2026;23-03-2026;910 dias;"Portugal, Viana do Castelo, Viana do Castelo";"Artigo 20.º, n.º 1, alínea a) do Código dos Contratos Públicos";;;;;;;Não aplicável.;Não aplicável.;false;https://www.acingov.pt/acingovprod/2/zonaPublica/zona_publica_c/donwloadProcedurePiece/OTgzNjY0;false;;;"Código dos Contratos Públicos (DL111-B/2017) e Lei n.º 30/2021, de 21.05";false;false;
"Concurso Público nº 1550/2025 - Aquisição de material diverso para Gastrenterologia, da ULS de Santo António, EPE";Concurso público;Aquisição de bens móveis;33140000-3;Principal;Material médico de consumo;3270.0 € ;"Unidade Local de Saúde de Santo António, EPE (517392259)";"FUJIFILM PORTUGAL, S.A. (516548280)";"3.270,00 €";03-04-2026;19-03-2026;1096 dias;"Portugal, Porto, Porto";"Artigo 20.º, n.º 1, alínea b) do Código dos Contratos Públicos";;;;;;;Não aplicável.;Não aplicável.;false;https://community.vortal.biz/Public/public-tender-documents/L1pvRERuWWJyTFBjZEE1Y1BmOFdzNUFyRkpST0c3dXIzT2tSZHJhQjdnbHlFdXcyeGF0WktDcm04QWJQczBjY1dxSFBWOGIxNHpBSlZRUDlOK3R4SHc9PTVFNGRI;false;;;"Código dos Contratos Públicos (DL111-B/2017) e Lei n.º 30/2021, de 21.05";false;false;
"Concurso Público nº 1550/2025 - Aquisição de material diverso para Gastrenterologia, da ULS de Santo António, EPE";Concurso público;Aquisição de bens móveis;33140000-3;Principal;Material médico de consumo;5250.0 € ;"Unidade Local de Saúde de Santo António, EPE (517392259)";"BSC PORTUGAL, LDA. (504988964)";"5.250,00 €";03-04-2026;19-03-2026;1096 dias;"Portugal, Porto, Porto";"Artigo 20.º, n.º 1, alínea b) do Código dos Contratos Públicos";;;;;;;Não aplicável.;Não aplicável.;false;https://community.vortal.biz/Public/public-tender-documents/L1pvRERuWWJyTFBjZEE1Y1BmOFdzNUFyRkpST0c3dXIzT2tSZHJhQjdnbHlFdXcyeGF0WktDcm04QWJQczBjY1dxSFBWOGIxNHpBSlZRUDlOK3R4SHc9PTVFNGRI;false;;;"Código dos Contratos Públicos (DL111-B/2017) e Lei n.º 30/2021, de 21.05";false;false;
"Concurso Público nº 1550/2025 - Aquisição de material diverso para Gastrenterologia, da ULS de Santo António, EPE";Concurso público;Aquisição de bens móveis;33140000-3;Principal;Material médico de consumo;5460.0 € ;"Unidade Local de Saúde de Santo António, EPE (517392259)";"ECODANUSA, LDA (510625932)";"5.460,00 €";03-04-2026;19-03-2026;1096 dias;"Portugal, Porto, Porto";"Artigo 20.º, n.º 1, alínea b) do Código dos Contratos Públicos";;;;;;;Não aplicável.;Não aplicável.;false;https://community.vortal.biz/Public/public-tender-documents/L1pvRERuWWJyTFBjZEE1Y1BmOFdzNUFyRkpST0c3dXIzT2tSZHJhQjdnbHlFdXcyeGF0WktDcm04QWJQczBjY1dxSFBWOGIxNHpBSlZRUDlOK3R4SHc9PTVFNGRI;false;;;"Código dos Contratos Públicos (DL111-B/2017) e Lei n.º 30/2021, de 21.05";false;false;
AQUISIÇÃO E MONTAGEM DE ELEVADOR E MONTA-CARGAS;Concurso público;Empreitadas de obras públicas;45313100-5;Principal;Instalação de elevadores;32471.0 € ;"CASSAC Centro de Apoio Social Serra D&apos; Aire e Candeeiros (506671496)";"TK Elevadores, Unipessoal Lda (501445226)";"32.471,00 €";02-04-2026;31-03-2026;120 dias;Portugal;"Artigo 20.º, n.º 1, alínea b) do Código dos Contratos Públicos";;;;;;;Não aplicável.;Não aplicável.;false;https://www.acingov.pt/acingovprod/2/zonaPublica/zona_publica_c/donwloadProcedurePiece/MTA0OTE2OA;false;;;"Código dos Contratos Públicos (DL111-B/2017) e Lei n.º 30/2021, de 21.05";false;false;
A empreitada compreende trabalhos de ampliação e remodelação de edifício - Creche Pinóquio;Concurso público;Empreitadas de obras públicas;45454000-4;Principal;Obras de reestruturação;870313.47 € ;Irmandade da Santa Casa da Misericórdia de Tavira (501281800);"ECMP - Engenharia e Construção, Unipessoal Lda (517640058)";"870.313,47 €";02-04-2026;03-10-2025;180 dias;Portugal;"Artigo 19.º, alínea a) do Código dos Contratos Públicos";;;;;;;Não aplicável.;Não aplicável.;false;https://www.acingov.pt/acingovprod/2/zonaPublica/zona_publica_c/donwloadProcedurePiece/OTExMTEz;false;;;"Código dos Contratos Públicos (DL111-B/2017) e Lei n.º 30/2021, de 21.05";false;false;
Aquisição de serviços de capacitação de pessoas no diagnóstico e reparação de equipamentos informáticos e de ferramentas e peças;Concurso público;Aquisição de bens móveis;30200000-1;Principal;Equipamento e material informático;24068.5 € ;"Empresa Municipal de Ambiente do Porto, EM, SA (514280956)";Equationcircuit - Lda (517009730);"24.068,50 €";02-04-2026;24-02-2026;365 dias;"Portugal, Porto, Porto";"Artigo 20.º, n.º 1, alínea b) do Código dos Contratos Públicos";;;;;;;Não aplicável.;Não aplicável.;false;https://www.acingov.pt/acingovprod/2/zonaPublica/zona_publica_c/donwloadProcedurePiece/MTA0ODkyMg;false;;;"Código dos Contratos Públicos (DL111-B/2017) e Lei n.º 30/2021, de 21.05";false;false;
Serviços de Hotelaria no âmbito das Viagens Fundação INATEL   Nacionais (Outono-Inverno) ;Concurso público;Aquisição de serviços;55100000-1;Principal;Serviços de hotelaria;9140.0 € ;Fundação INATEL (500122237);Natura Empreendimento. S.A. (509816827);"9.140,00 €";02-04-2026;20-03-2026;183 dias;Portugal;"Artigo 20.º, n.º 1, alínea a) do Código dos Contratos Públicos";;;;;;;Não aplicável.;Não aplicável.;false;https://www.acingov.pt/acingovprod/2/zonaPublica/zona_publica_c/donwloadProcedurePiece/MTA1MDU1MA;false;;;"Código dos Contratos Públicos (DL111-B/2017) e Lei n.º 30/2021, de 21.05";false;false;
"Prestação de Serviços de Reparação, Manutenção e Fornecimento de Peças para Gruas e de Elaboração de Relatório de Conformidade";Concurso público;Aquisição de serviços;50531400-0;Principal;Serviços de reparação e manutenção de gruas;20000.0 € ;"Empresa Municipal de Ambiente do Porto, E. M., S. A. (514280956)";"Pinto &amp; Cruz - Motores e Equipamentos, SA (501566007)";"20.000,00 €";02-04-2026;25-03-2026;1096 dias;"Portugal, Porto, Porto";"Artigo 20.º, n.º 1, alínea b) do Código dos Contratos Públicos";;;;;;;Não aplicável.;Não aplicável.;false;https://www.acingov.pt/acingovprod/2/zonaPublica/zona_publica_c/donwloadProcedurePiece/MTA1NjY5NQ;false;;;"Código dos Contratos Públicos (DL111-B/2017) e Lei n.º 30/2021, de 21.05";false;false;
"Prestação de serviços de Manutenção, Reparação e Fornecimento de Componentes para Superestruturas da Frota da Porto Ambiente";Concurso público;Aquisição de serviços;50111110-0;Principal;Serviços de assistência a frotas de veículos;50000.0 € ;"Empresa Municipal de Ambiente do Porto, E. M., S. A. (514280956)";"Mofil, Lda (510253512)";"50.000,00 €";02-04-2026;12-03-2026;365 dias;"Portugal, Porto, Porto";"Artigo 20.º, n.º 1, alínea b) do Código dos Contratos Públicos";;;;;;;Não aplicável.;Não aplicável.;false;https://www.acingov.pt/acingovprod/2/zonaPublica/zona_publica_c/donwloadProcedurePiece/MTA1MjcwNQ;false;;;"Código dos Contratos Públicos (DL111-B/2017) e Lei n.º 30/2021, de 21.05";false;false;
"Aquisição de semirreboque para transporte de biorresíduos, composto e rejeitados";Concurso público;Aquisição de bens móveis;34223100-7;Principal;Semi-reboques;115000.0 € ;"Resialentejo - Tratamento e Valorização de Resíduos, EIM (504895788)";"Mofil, Lda (510253512)";"115.000,00 €";02-04-2026;11-03-2026;90 dias;"Portugal, Beja, Beja";"Artigo 20.º, n.º 1, alínea b) do Código dos Contratos Públicos";;;;;;;Não aplicável.;Não aplicável.;false;https://community.vortal.biz/Public/public-tender-documents/ZUYxVHRTUXJJZEc2UGlyUVd2akJmYk9HWHp6cGJDclRNcXloWnZLOGVuWFNsbVBGY25lYWdGZmpuV2tIUFM5UGtkVTgyb1JLMDdadXV2bzNqVW1KUVE9PXhMayt5;false;;;"Código dos Contratos Públicos (DL111-B/2017) e Lei n.º 30/2021, de 21.05";false;false;
Aquisição de serviços de Encarregado de Proteção de Dados (EPD) para as Unidades Orgânicas da Universidade de Lisboa (ULisboa);Concurso público;Aquisição de serviços;79000000-4;Principal;"Serviços a empresas: direito, comercialização, consultoria, recrutamento, impressão e segurança";6840.0 € ;Faculdade de Letras (502657456);PricewterhouseCoopers Legal - SOCIEDADE DE ADVOGADOS SP RL (514641380);"6.840,00 €";02-04-2026;30-03-2026;365 dias;"Portugal, Lisboa, Lisboa";"Artigo 20.º, n.º 1, alínea b) do Código dos Contratos Públicos";;;;;;;Não aplicável.;Não aplicável.;true;https://www.acingov.pt/acingovprod/2/zonaPublica/zona_publica_c/donwloadProcedurePiece/MTAwNDUzMg;false;;;"Código dos Contratos Públicos (DL111-B/2017) e Lei n.º 30/2021, de 21.05";false;false;
Concurso Público com publicação no JOUE para a celebração de Acordo-Quadro para Fornecimento de Gás no âmbito da Central de Compras da CIMBAL;Concurso público;Locação de bens móveis;09122200-2;Principal;Gás butano;Inexistente;CIMBAL - Comunidade Intermunicipal do Baixo Alentejo (509761534);"Petrogal, S.A. (500697370), REPSOL GÁS PORTUGAL, S.A. (507039440)";"0,00 €";02-04-2026;10-02-2026;365 dias;"Portugal, Beja";"Artigo 252.º, n.º 1, alínea b) do Código dos Contratos Públicos";;;;;;;7857310;Concurso Público com publicação no JOUE para a celebração de Acordo-Quadro para Fornecimento de Gás no âmbito da Central de Compras da CIMBAL;false;https://www.acingov.pt/acingovprod/2/zonaPublica/zona_publica_c/donwloadProcedurePiece/OTc3NTk4;false;;;"Código dos Contratos Públicos (DL111-B/2017) e Lei n.º 30/2021, de 21.05";false;false;
Aquisição de serviços de Encarregado de Proteção de Dados (EPD) para as Unidades Orgânicas da Universidade de Lisboa (ULisboa);Concurso público;Aquisição de serviços;79000000-4;Principal;"Serviços a empresas: direito, comercialização, consultoria, recrutamento, impressão e segurança";5712.0 € ;Universidade de Lisboa (510739024);PricewterhouseCoopers Legal - SOCIEDADE DE ADVOGADOS SP RL (514641380);"5.712,00 €";02-04-2026;30-03-2026;365 dias;Portugal;"Artigo 20.º, n.º 1, alínea b) do Código dos Contratos Públicos";;;;;;;Não aplicável.;Não aplicável.;true;https://www.acingov.pt/acingovprod/2/zonaPublica/zona_publica_c/donwloadProcedurePiece/MTAwNDUzMg;false;;;"Código dos Contratos Públicos (DL111-B/2017) e Lei n.º 30/2021, de 21.05";false;false;
Concurso Público com publicação no JOUE para a celebração de Acordo-Quadro para Fornecimento de Gás no âmbito da Central de Compras da CIMBAL;Concurso público;Locação de bens móveis;09122100-1;Principal;Gás propano;Inexistente;CIMBAL - Comunidade Intermunicipal do Baixo Alentejo (509761534);"REPSOL GÁS PORTUGAL, S.A. (507039440), Petrogal, S.A. (500697370)";"0,00 €";02-04-2026;10-02-2026;365 dias;"Portugal, Beja";"Artigo 252.º, n.º 1, alínea b) do Código dos Contratos Públicos";;;;;;;7857310;Concurso Público com publicação no JOUE para a celebração de Acordo-Quadro para Fornecimento de Gás no âmbito da Central de Compras da CIMBAL;false;https://www.acingov.pt/acingovprod/2/zonaPublica/zona_publica_c/donwloadProcedurePiece/OTc3NTk4;false;;;"Código dos Contratos Públicos (DL111-B/2017) e Lei n.º 30/2021, de 21.05";false;false;
Reparação de semirreboque para o transporte de resíduos indiferenciados;Concurso público;Aquisição de serviços;50100000-6;Principal;"Serviços de reparação e manutenção de veículos e equipamento afim, e serviços conexos";60602.02 € ;"Resialentejo - Tratamento e Valorização de Resíduos, EIM (504895788)";"RETA - Serviços Técnicos e Rent-A-Cargo, SA (502611308)";"60.602,02 €";02-04-2026;02-03-2026;120 dias;"Portugal, Beja, Beja";"Artigo 20.º, n.º 1, alínea b) do Código dos Contratos Públicos";;;;;;;Não aplicável.;Não aplicável.;false;https://community.vortal.biz/Public/public-tender-documents/YXlycEYwU3hpQkt5UDBQRi8wVGxKMHFrcllRRWFoZlgyam8rN0wveHQraml2ZUN4RXZJenhaZGxqWTBoRE00LzhWdmI5NWhrYTdjajhxTU82bWUvTXc9PU00bEBL;false;;;"Código dos Contratos Públicos (DL111-B/2017) e Lei n.º 30/2021, de 21.05";false;false;
Concurso Público com publicação no JOUE para a celebração de Acordo-Quadro para Fornecimento de Gás no âmbito da Central de Compras da CIMBAL;Concurso público;Locação de bens móveis;09122100-1;Principal;Gás propano;Inexistente;CIMBAL - Comunidade Intermunicipal do Baixo Alentejo (509761534);"Rubis Energia Portugal, SA (513108890), REPSOL GÁS PORTUGAL, S.A. (507039440), Petrogal, S.A. (500697370)";"0,00 €";02-04-2026;10-02-2026;365 dias;"Portugal, Beja";"Artigo 252.º, n.º 1, alínea b) do Código dos Contratos Públicos";;;;;;;7857310;Concurso Público com publicação no JOUE para a celebração de Acordo-Quadro para Fornecimento de Gás no âmbito da Central de Compras da CIMBAL;false;https://www.acingov.pt/acingovprod/2/zonaPublica/zona_publica_c/donwloadProcedurePiece/OTc3NTk4;false;;;"Código dos Contratos Públicos (DL111-B/2017) e Lei n.º 30/2021, de 21.05";false;false;
Concurso Público com publicação no JOUE para a celebração de Acordo-Quadro para Fornecimento de Gás no âmbito da Central de Compras da CIMBAL;Concurso público;Locação de bens móveis;09123000-7;Principal;Gás natural;Inexistente;CIMBAL - Comunidade Intermunicipal do Baixo Alentejo (509761534);"Gold Energy - Comercializadora de Energia, SA (507857542), Petrogal, S.A. (500697370)";"0,00 €";02-04-2026;10-02-2026;365 dias;"Portugal, Beja";"Artigo 252.º, n.º 1, alínea b) do Código dos Contratos Públicos";;;;;;;7857310;Concurso Público com publicação no JOUE para a celebração de Acordo-Quadro para Fornecimento de Gás no âmbito da Central de Compras da CIMBAL;false;https://www.acingov.pt/acingovprod/2/zonaPublica/zona_publica_c/donwloadProcedurePiece/OTc3NTk4;false;;;"Código dos Contratos Públicos (DL111-B/2017) e Lei n.º 30/2021, de 21.05";false;false;
Concurso Público Urgente nº 339/2026 – Aquisição de Stent autoexpansível intracraniano em nitinol para o Serviço de Neurorradiologia para um período de 4 meses;Concurso público;Aquisição de bens móveis;33140000-3;Principal;Material médico de consumo;66000.0 € ;"Unidade Local de Saúde de Santo António, EPE (517392259)";"CATETER - PRODUTOS MÉDICOS HOSPITALARES, LDA. (502914319)";"66.000,00 €";02-04-2026;26-03-2026;122 dias;"Portugal, Porto, Porto<BR/>Portugal, Porto, Porto";Artigo 155.º do Código dos Contratos Públicos;;;;;;;Não aplicável.;Não aplicável.;false;https://community.vortal.biz/Public/public-tender-documents/ejJ3aW5MY0VucHdRdFdBMlFrZ0lzYmRZVVZGUFIzSVJOTGx6S2VydFdVMHA2Rytoa09COGlWT2FMQnN6VWdpbUx6eWh3OHA3bG81dFd5SFN5Q2JPbnc9PW0qZ2pz;false;;;"Código dos Contratos Públicos (DL111-B/2017) e Lei n.º 30/2021, de 21.05";false;false;
"Concurso Público com publicidade no Jornal Oficial da União Europeia para aquisição de Economato para as Entidades do Serviços Nacional de Saúde e Ministério da Saúde, no âmbito da agregação 2025.";Concurso público;Aquisição de bens móveis;30192000-1;Principal;Material de escritório;9628.2 € ;"Instituto para os Comportamentos Aditivos e as Dependências, I. P. (517839539)";"Ohmtécnica - Representações de Marcas, Lda (504059521)";"9.628,20 €";02-04-2026;24-01-2025;365 dias;"Portugal, Lisboa, Lisboa";"Artigo 20.º, n.º 1, alínea a) do Código dos Contratos Públicos";;;;;;;Não aplicável.;Não aplicável.;true;https://community.vortal.biz/Public/contract-notice-view/PT1.NTC.3095148/;false;;;"Código dos Contratos Públicos (DL111-B/2017) e Lei n.º 30/2021, de 21.05";false;false;
Concurso Público com publicação no JOUE para a celebração de Acordo-Quadro para Fornecimento de Gás no âmbito da Central de Compras da CIMBAL;Concurso público;Locação de bens móveis;09123000-7;Principal;Gás natural;Inexistente;CIMBAL - Comunidade Intermunicipal do Baixo Alentejo (509761534);"Dourogás Comercial, S.A. (518398331), Gas Natural Comercializadora, S.A. - Sucursal em Portugal (980393388), Endesa Energia, S.A. - Sucursal Portugal (980245974), Petrogal, S.A. (500697370), Gold Energy - Comercializadora de Energia, SA (507857542)";"0,00 €";02-04-2026;10-02-2026;365 dias;"Portugal, Beja";"Artigo 252.º, n.º 1, alínea b) do Código dos Contratos Públicos";;;;;;;7857310;Concurso Público com publicação no JOUE para a celebração de Acordo-Quadro para Fornecimento de Gás no âmbito da Central de Compras da CIMBAL;false;https://www.acingov.pt/acingovprod/2/zonaPublica/zona_publica_c/donwloadProcedurePiece/OTc3NTk4;false;;;"Código dos Contratos Públicos (DL111-B/2017) e Lei n.º 30/2021, de 21.05";false;false;
Aquisição de Serviços de Locação Financeira (leasing) para o financiamento de uma viatura ligeira 4x4 na sequência de procedimento de consulta prévia;Concurso público;Aquisição de serviços;66114000-2;Principal;Serviços de leasing financeiro;42947.58 € ;Município de Portalegre (501143718);Caixa Económica Montepio Geral (500792615);"42.947,58 €";02-04-2026;30-03-2026;1826 dias;"Portugal, Portalegre, Portalegre";"Artigo 20.º, n.º 1, alínea a) do Código dos Contratos Públicos";;;;;;;Não aplicável.;Não aplicável.;false;https://community.vortal.biz/Public/public-tender-documents/clJ4UGs2bFduZStUcko2dktOcFVWd3RGNk40b05xVEdxYmhpL09pNG5sVEZqaExGUGZqcDdwWDUvT0w3RHVSZWhHQlh2bVE1a0hLRGM4b3Q2dVpnb1E9PVJscXla;false;;;"Código dos Contratos Públicos (DL111-B/2017) e Lei n.º 30/2021, de 21.05";false;false;
"Concurso Público Urgente nº 346/2026 – Aquisição de Dispositivo Diversor de Fluxo, incluindo Microcateter para o Serviço de Neurorradiologia para um período de 4 meses";Concurso público;Aquisição de bens móveis;33140000-3;Principal;Material médico de consumo;69540.0 € ;"Unidade Local de Saúde de Santo António, EPE (517392259)";"MEDTRONIC PORTUGAL, UNIPESSOAL,  LDA. (504223933)";"69.540,00 €";02-04-2026;25-03-2026;122 dias;"Portugal, Porto, Porto<BR/>Portugal, Porto, Porto";Artigo 155.º do Código dos Contratos Públicos;;;;;;;Não aplicável.;Não aplicável.;false;https://community.vortal.biz/Public/public-tender-documents/RFBod29IMk8yYXFHNGR1RHZ4cGw5TkJ1cU5vUDFiRktVenFKTGxhc21IQlg2Rms5YTc2bkpkRFdlZmkwSTlua1ZaSnA1cmd2ZWxrUnBCQW1mZ0dYUkE9PW53Jks4;false;;;"Código dos Contratos Públicos (DL111-B/2017) e Lei n.º 30/2021, de 21.05";false;false;
Aquisição de serviços de Encarregado de Proteção de Dados (EPD) para as Unidades Orgânicas da Universidade de Lisboa (ULisboa);Concurso público;Aquisição de serviços;79000000-4;Principal;"Serviços a empresas: direito, comercialização, consultoria, recrutamento, impressão e segurança";6816.0 € ;Escola Superior de Enfermagem da Universidade de Lisboa (508310350);"PRICEWATERHOUSECOOPERS LEGAL - Sociedade de Advogados, SP, RL. (514641380)";"6.816,00 €";02-04-2026;30-03-2026;365 dias;"Portugal, Lisboa, Lisboa";"Artigo 20.º, n.º 1, alínea b) do Código dos Contratos Públicos";;;;;;;Não aplicável.;Não aplicável.;true;https://www.acingov.pt/acingovprod/2/zonaPublica/zona_publica_c/donwloadProcedurePiece/MTAwNDUzMg;false;;;"Código dos Contratos Públicos (DL111-B/2017) e Lei n.º 30/2021, de 21.05";false;false;
Aquisição de Serviços de Seguros  Ramo Frota Automóvel;Concurso público;Aquisição de serviços;66510000-8;Principal;Serviços de seguros;48651.36 € ;Município de Miranda do Douro (506806898);"Fidelidade Companhia de Seguros, S.A. (500918880)";"48.651,36 €";02-04-2026;31-03-2026;731 dias;Portugal;"Artigo 20.º, n.º 1, alínea b) do Código dos Contratos Públicos";;;;;;;Não aplicável.;Não aplicável.;false;https://www.acingov.pt/acingovprod/2/zonaPublica/zona_publica_c/donwloadProcedurePiece/MTA1ODkwMA;false;;;"Código dos Contratos Públicos (DL111-B/2017) e Lei n.º 30/2021, de 21.05";false;false;
"Serviços de apoio à identidade visual do evento de comunicação e divulgação - PRR - Proj. 6, 11, 16";Concurso público;Aquisição de serviços;79800000-2;Principal;Serviços de impressão e afins;95947.5 € ;"Entidade de Serviços Partilhados da Administração Pública, IP (510342191)";Veia Flowing Brands (517034700);"95.947,50 €";02-04-2026;25-03-2026;61 dias;"Portugal, Lisboa, Amadora";"Artigo 20.º, n.º 1, alínea b) do Código dos Contratos Públicos";;;;;;;Não aplicável.;Não aplicável.;false;https://plataforma-sncp.espap.gov.pt/espap/faces/app/acessoDocs.jsp?codigoAcesso=zgi9bMWcime1tMHG16kqKEmZrW5sqphiYlHHF8yNXSi779mV6U;false;;;"Código dos Contratos Públicos (DL111-B/2017) e Lei n.º 30/2021, de 21.05";false;false;
Aquisição de serviços de vigilância humana para 2026 ;Concurso público;Aquisição de serviços;79714000-2;Principal;Serviços de vigilância;31738.2 € ;"Centro de Formação Profisssional da Indústria Têxtil, Vestuário Confecção e Lanifícios - MODATEX (509906478)";"Securitas - Serviços e Tecnologia de Segurança, S.A. (500243719)";"31.738,20 €";02-04-2026;01-01-2026;364 dias;"Portugal, Lisboa, Lisboa";"Artigo 20.º, n.º 1, alínea b) do Código dos Contratos Públicos";;;;;;;Não aplicável.;Não aplicável.;false;https://www.acingov.pt/acingovprod/2/zonaPublica/zona_publica_c/donwloadProcedurePiece/OTk3Njcy;false;;;"Código dos Contratos Públicos (DL111-B/2017) e Lei n.º 30/2021, de 21.05";false;false;
Aquisição de serviços de vigilância humana para 2026 ;Concurso público;Aquisição de serviços;79714000-2;Principal;Serviços de vigilância;95679.7 € ;"Centro de Formação Profisssional da Indústria Têxtil, Vestuário Confecção e Lanifícios - MODATEX (509906478)";"Ronsegur-Rondas e Segurança, S.A. (507011724)";"95.679,70 €";02-04-2026;01-01-2026;364 dias;"Portugal, Porto, Porto<BR/>Portugal, Porto, Santo Tirso<BR/>Portugal, Castelo Branco, Covilhã";"Artigo 20.º, n.º 1, alínea b) do Código dos Contratos Públicos";;;;;;;Não aplicável.;Não aplicável.;false;https://www.acingov.pt/acingovprod/2/zonaPublica/zona_publica_c/donwloadProcedurePiece/OTk3Njcy;false;;;"Código dos Contratos Públicos (DL111-B/2017) e Lei n.º 30/2021, de 21.05";false;false;
"Remoção de Coberturas de Fibrocimento dos Edifícios do Hospital Dr. José Maria Grande de Portalegre da Unidade Local de Saúde do Alto Alentejo, EPE - Investimento RE-C01_i04 – Modernização e Renovação de Áreas Hospitalares e Equipamentos para Hospitais ";Concurso público;Empreitadas de obras públicas;45000000-7;Principal;Construção;414195.38 € ;"Unidade Local de Saúde do Alto Alentejo, EPE (508094461)";"TROPICHANCE - Metalúrgica e Construções, Lda. (510036384)";"414.195,38 €";02-04-2026;12-02-2026;200 dias;"Portugal, Portalegre, Portalegre";"Artigo 19.º, alínea b) do Código dos Contratos Públicos";;;;;;;Não aplicável.;Não aplicável.;false;https://community.vortal.biz/Public/public-tender-documents/bk82a1diSWx5cnZyMm42QWNuTTlFK3VFb2FlVlhsZXBVV3Q5cFh3MFlZMTlObmoyKzltako2ZjVMRFNUWitVOWpyQ3B2WS85YW5Lc1dtbHcvWlFHTlE9PWckemwk;false;;;"Código dos Contratos Públicos (DL111-B/2017) e Lei n.º 30/2021, de 21.05";false;false;
Aquisição e gestão de matérias-primas para os refeitórios do Agrupamento de Escolas do concelho de Caminha;Concurso público;Aquisição de bens móveis;15800000-6;Principal;Produtos alimentares diversos;211766.1 € ;Município de Caminha (500843139);"Rescater - Prestação de Serviços, Lda (515608106)";"211.766,10 €";02-04-2026;18-03-2026;304 dias;Portugal;"Artigo 20.º, n.º 1, alínea a) do Código dos Contratos Públicos";;;;;;;Não aplicável.;Não aplicável.;false;https://www.acingov.pt/acingovprod/2/zonaPublica/zona_publica_c/donwloadProcedurePiece/MTA1MDc1Mw;false;;;"Código dos Contratos Públicos (DL111-B/2017) e Lei n.º 30/2021, de 21.05";false;false;
"Empreitada para Requalificação do Centro de Saúde de Avis da Unidade Local de Saúde do Alto Alentejo, EPE ";Concurso público;Empreitadas de obras públicas;45000000-7;Principal;Construção;397700.0 € ;"Unidade Local de Saúde do Alto Alentejo, EPE (508094461)";"Efima, Lda (513097759)";"397.700,00 €";02-04-2026;19-03-2026;150 dias;"Portugal, Portalegre, Avis";"Artigo 19.º, alínea b) do Código dos Contratos Públicos";;;;;;;Não aplicável.;Não aplicável.;false;https://community.vortal.biz/Public/public-tender-documents/Wk9oUHpxbHRRR0RHVDNOVWprWFIydGVUYTNSTEgvSWdXNlllQldyQnZNZ0Zwc1l1STZYRFI4dzQ5SXBkdnBmb2V1blhWdHk2bTdxV3BSdWlyOW9abUE9PTlVSHZA;false;;;"Código dos Contratos Públicos (DL111-B/2017) e Lei n.º 30/2021, de 21.05";false;false;
"Aquisição de serviços de manutenção do software ORACLE e das respetivas licenças em utilização pelo Metropolitano de Lisboa, E.P.E. no Sistema PLAGO";Concurso público;Aquisição de serviços;72267100-0;Principal;Manutenção de software para as tecnologias da infomação;33249.84 € ;"Metropolitano de Lisboa, EPE (500192855)";"IDW - CONSULTORIA EM SERVIÇOS DE INFORMAÇÃO, LDA  (504243926)";"33.249,84 €";02-04-2026;05-03-2026;365 dias;"Portugal, Lisboa, Lisboa";Artigo 11º do Código dos Contratos Públicos;;;;;;;Não aplicável.;Não aplicável.;false;https://community.vortal.biz/Public/public-tender-documents/NTEwRUJjRTA3eHg3TFA1TkEveGE2RUt2L3F6RmhCU3lqNmZvSzRIZ3hBQ1QvQnVsSkF0VnN4MldpVGVtaG15dUdDRUROUHlVaWdjVGZwYWpKVWFsV1E9PSpSNnor;false;;;"Código dos Contratos Públicos (DL111-B/2017) e Lei n.º 30/2021, de 21.05";false;false;
Aquisição de Material de Incontinência;Concurso público;Aquisição de bens móveis;33751000-9;Principal;Fraldas descartáveis;1680.0 € ;Santa Casa da Misericórdia de Lisboa (500745471);"QUILABAN - QUIMICA LABORATORIAL ANALÍTICA, S.A. (500399670)";"1.680,00 €";02-04-2026;24-03-2026;731 dias;"Portugal, Lisboa, Lisboa";"Artigo 20.º, n.º 1, alínea a) do Código dos Contratos Públicos";;;;;;;Não aplicável.;Não aplicável.;false;https://www.acingov.pt/acingovprod/2/zonaPublica/zona_publica_c/donwloadProcedurePiece/MTAwODgxMg;false;;;"Código dos Contratos Públicos (DL111-B/2017) e Lei n.º 30/2021, de 21.05";false;false;
Aquisição de Material de Incontinência;Concurso público;Aquisição de bens móveis;33751000-9;Principal;Fraldas descartáveis;1825.2 € ;Santa Casa da Misericórdia de Lisboa (500745471);"QUILABAN - QUIMICA LABORATORIAL ANALÍTICA, S.A. (500399670)";"1.825,20 €";02-04-2026;24-03-2026;731 dias;"Portugal, Lisboa, Lisboa";"Artigo 20.º, n.º 1, alínea a) do Código dos Contratos Públicos";;;;;;;Não aplicável.;Não aplicável.;false;https://www.acingov.pt/acingovprod/2/zonaPublica/zona_publica_c/donwloadProcedurePiece/MTAwODgxMg;false;;;"Código dos Contratos Públicos (DL111-B/2017) e Lei n.º 30/2021, de 21.05";false;false;
Aquisição de produtos alimentares (mercearia) para o Agrupamento de Escolas de Oliveira de Frades;Concurso público;Aquisição de bens móveis;15800000-6;Principal;Produtos alimentares diversos;14106.42 € ;Município de Oliveira de Frades (501306234);EXUMAS CONSULTING GROUP LDA. (510396429);"14.106,42 €";02-04-2026;30-03-2026;365 dias;"Portugal, Viseu, Oliveira de Frades";"Artigo 20.º, n.º 1, alínea b) do Código dos Contratos Públicos";;;;;;;Não aplicável.;Não aplicável.;false;https://www.acingov.pt/acingovprod/2/zonaPublica/zona_publica_c/donwloadProcedurePiece/MTA1MTE0Ng;false;;;"Código dos Contratos Públicos (DL111-B/2017) e Lei n.º 30/2021, de 21.05";false;false;
Aquisição de Material de Incontinência;Concurso público;Aquisição de bens móveis;33751000-9;Principal;Fraldas descartáveis;1142.4 € ;Santa Casa da Misericórdia de Lisboa (500745471);"QUILABAN - QUIMICA LABORATORIAL ANALÍTICA, S.A. (500399670)";"1.142,40 €";02-04-2026;24-03-2026;731 dias;"Portugal, Lisboa, Lisboa";"Artigo 20.º, n.º 1, alínea a) do Código dos Contratos Públicos";;;;;;;Não aplicável.;Não aplicável.;false;https://www.acingov.pt/acingovprod/2/zonaPublica/zona_publica_c/donwloadProcedurePiece/MTAwODgxMg;false;;;"Código dos Contratos Públicos (DL111-B/2017) e Lei n.º 30/2021, de 21.05";false;false;
"Aquisição dos serviços de operação, manutenção, gestão e suporte de equipamentos LAN";Concurso público;Aquisição de serviços;72710000-0;Principal;Serviços de rede local;990000.0 € ;"Instituto de Gestão Financeira da Educação, IP (600086631)";"1 - MEO - SERVIÇOS DE COMUNICAÇÕES E MULTIMÉDIA, S.A. (504615947)";"990.000,00 €";02-04-2026;31-03-2026;270 dias;Portugal;"Artigo 20.º, n.º 1, alínea a) do Código dos Contratos Públicos";;;;;;;Não aplicável.;Não aplicável.;false;https://www.acingov.pt/acingovprod/2/zonaPublica/zona_publica_c/donwloadProcedurePiece/OTk2Njc3;false;;;"Código dos Contratos Públicos (DL111-B/2017) e Lei n.º 30/2021, de 21.05";false;false;
"Empreitada para Requalificação do Centro de Saúde de Elvas da Unidade Local de Saúde do Alto Alentejo, EPE";Concurso público;Empreitadas de obras públicas;45000000-7;Principal;Construção;611796.0 € ;"Unidade Local de Saúde do Alto Alentejo, EPE (508094461)";"Efima, Lda (513097759)";"611.796,00 €";02-04-2026;11-03-2026;150 dias;"Portugal, Portalegre, Elvas";"Artigo 19.º, alínea b) do Código dos Contratos Públicos";;;;;;;Não aplicável.;Não aplicável.;false;https://community.vortal.biz/Public/public-tender-documents/TXZsN2M5UEJ4TG9IYm5JMk9RUUtJd0YwQVluMzFwbzFWUFgzd0VtT0xmcGR1T3lwai9kbmd3ck5PWGVzUmtmNS95Ykd5NnFNRDc5NzU4MjVNdVM5RUE9PXZSdUlV;false;;;"Código dos Contratos Públicos (DL111-B/2017) e Lei n.º 30/2021, de 21.05";false;false;
Requalificação da Rua Nova da Cruz da Carreira e Travessa de Valongo;Concurso público;Empreitadas de obras públicas;45233252-0;Principal;Pavimentação de ruas;264796.28 € ;Município de Castelo de Paiva (502678917);"Paviazeméis, Pavimentações de Azeméis ldª.  (502896604)";"264.796,28 €";02-04-2026;30-03-2026;180 dias;"Portugal, Aveiro, Castelo de Paiva";"Artigo 19.º, alínea b) do Código dos Contratos Públicos";;;;;;;Não aplicável.;Não aplicável.;false;https://www.compraspt.com/cpt-cmcp/faces/app/acessoDocs.jsp?codigoAcesso=tSoCxxccPmfAjSOzdPe0bF4a80AEB4BY5cSZQlSizZGT1bJe4W;false;;;"Código dos Contratos Públicos (DL111-B/2017) e Lei n.º 30/2021, de 21.05";false;false;
"Fornecimento e Montagem de Vidros, Acrílicos e Peliculas em Diversos Locais";Concurso público;Locação de bens móveis;35113300-2;Principal;Instalações de segurança;7221.0 € ;Santa Casa da Misericórdia de Lisboa (500745471);"GRAVYMEDAL - PERSONALIZAÇÃO E COMÉRCIO DE PRÉMIOS, LDA. (507232283)";"7.221,00 €";02-04-2026;19-03-2026;731 dias;"Portugal, Lisboa, Lisboa";"Artigo 20.º, n.º 1, alínea b) do Código dos Contratos Públicos";;;;;;;Não aplicável.;Não aplicável.;false;https://www.acingov.pt/acingovprod/2/zonaPublica/zona_publica_c/donwloadProcedurePiece/OTk0MzUz;false;;;"Código dos Contratos Públicos (DL111-B/2017) e Lei n.º 30/2021, de 21.05";false;false;
Aquisição de produtos para tratamento de águas para a ETA e Piscinas Municipais;Concurso público;Aquisição de bens móveis;24962000-5;Principal;Produtos químicos para tratamento da água;189625.25 € ;Município de Oliveira de Frades (501306234);"Lafoquímica - Comércio de Produtos Químicos, L.da (504873857)";"189.625,25 €";02-04-2026;26-03-2026;1096 dias;"Portugal, Viseu, Oliveira de Frades";"Artigo 20.º, n.º 1, alínea b) do Código dos Contratos Públicos";;;;;;;Não aplicável.;Não aplicável.;false;https://www.acingov.pt/acingovprod/2/zonaPublica/zona_publica_c/donwloadProcedurePiece/MTA2MTM3MA;false;;;"Código dos Contratos Públicos (DL111-B/2017) e Lei n.º 30/2021, de 21.05";false;false;
"AQUISIÇÃO DE SERVIÇOS DE MANUTENÇÃO DE VEÍCULOS DO COMANDO TERRITORIAL DE AVEIRO, PARA O ANO 2026";Concurso público;Aquisição de serviços;50111000-6;Principal;"Serviços de gestão, reparação e manutenção de frota de veículos";21390.0 € ;Guarda Nacional Republicana (600008878);"Rodasa -Tecnologias, LDA (516495631)";"21.390,00 €";02-04-2026;30-03-2026;263 dias;"Portugal, Aveiro";"Artigo 20.º, n.º 1, alínea a) do Código dos Contratos Públicos";;;;;;;Não aplicável.;Não aplicável.;false;https://community.vortal.biz/Public/public-tender-documents/ZGhlWmwyWXF2ZEozOGtQdklhZ0JndjFzWTl2RkxFTFZIRklXZ0E2SGx2MnNxeSt4QlpoNWd0akZVaVh6bk1mcFp0S0ZrbTNJeWtQbWdwVDZacFhnRmc9PWc0cHpM;false;;;"Código dos Contratos Públicos (DL111-B/2017) e Lei n.º 30/2021, de 21.05";false;false;
Aquisição de Material para UCI;Concurso público;Aquisição de bens móveis;33140000-3;Principal;Material médico de consumo;1185.0 € ;"Unidade Local de Saúde do Algarve, EPE (510745997)";"SPACEINSP DISPOSITIVOS MEDICOS, LDA (514126329)";"1.185,00 €";02-04-2026;04-03-2026;365 dias;"Portugal, Faro, Faro<BR/>Portugal, Faro, Portimão";"Artigo 20.º, n.º 1, alínea a) do Código dos Contratos Públicos";;;;;;;Não aplicável.;Não aplicável.;false;https://community.vortal.biz/Public/public-tender-documents/UXBBNFlJY1pKWGtJMGthTVV6ZHloM01md0lNR1VNR2gxdlVQZ1IwcEYxQUNkdmhsZzhsRDF2Q25GaGdmMTVvNEpxL0R0Y2tFSEpUNVlvU2Y3RmhJYXc9PUlZamcy;false;;;"Código dos Contratos Públicos (DL111-B/2017) e Lei n.º 30/2021, de 21.05";false;false;
Aquisição de Consumíveis de Higiene para a ULSG: Ano 2026;Concurso público;Aquisição de bens móveis;33198000-4;Principal;Artigos de papel para uso hospitalar;3540.0 € ;"Unidade Local de Saúde da Guarda, EPE (508752000)";"Imporquimica, Lda (502473274)";"3.540,00 €";02-04-2026;25-03-2026;365 dias;"Portugal, Guarda, Guarda";"Artigo 20.º, n.º 1, alínea b) do Código dos Contratos Públicos";;;;;;;Não aplicável.;Não aplicável.;false;https://community.vortal.biz/Public/public-tender-documents/MTk2OXcxRDdzcjIwWmIzZ0FRa3UreWdydzlvbmppZjZsckhuRzJIQytmVDNtTHoxRWhWdjlZODlLbnRySE9vT2YzMGpLVEt1Z0t1Mmh4OGd1b05lRmc9PVR2dF9S;false;;;"Código dos Contratos Públicos (DL111-B/2017) e Lei n.º 30/2021, de 21.05";false;false;
Aquisição de Medicamentos do Sistema Nervoso Central II;Concurso público;Aquisição de bens móveis;33661000-1;Principal;Medicamentos para o sistema nervoso;2970.0 € ;Santa Casa da Misericórdia de Lisboa (500745471);"GRÜNENTHAL, S.A. (500101965)";"2.970,00 €";02-04-2026;19-03-2026;731 dias;"Portugal, Lisboa, Lisboa";"Artigo 20.º, n.º 1, alínea a) do Código dos Contratos Públicos";;;;;;;Não aplicável.;Não aplicável.;false;https://www.acingov.pt/acingovprod/2/zonaPublica/zona_publica_c/donwloadProcedurePiece/OTkwMzk0;false;;;"Código dos Contratos Públicos (DL111-B/2017) e Lei n.º 30/2021, de 21.05";false;false;
"REABILITAÇÃO DAS ESCOLAS DE VÁRZEA DA SERRA, VILA CHÃ DA BEIRA E PINHEIRO - BNAUT";Concurso público;Empreitadas de obras públicas;45210000-2;Principal;Construção de edifícios;1300666.98 € ;Município de Tarouca (506753905);"Arcelino Cardoso da Costa, Lda. (501995269)";"1.300.666,98 €";02-04-2026;25-03-2026;120 dias;"Portugal, Viseu, Tarouca";"Artigo 155.º, alínea b) do Código dos Contratos Públicos";;;;;;;Não aplicável.;Não aplicável.;false;https://community.vortal.biz/Public/public-tender-documents/K28vSG9mSUowT01BSmpoQU5ISVNSRi9kN3RiTEtmL0JEMjdqbDBqWjFBM2VJbmUwUWRxUmRGZmJLMDQvemorTlVUNVBsaE11REVzbkc0L2RWL2tCVkE9PW9JJVFI;false;;;"Código dos Contratos Públicos (DL111-B/2017) e Lei n.º 30/2021, de 21.05";false;false;
"– Projeto N.º 11336 - Submedida i1.08 –Empreitada para Requalificação do Centro de Saúde de Monforte da Unidade Local de Saúde do alto Alentejo, EPE.”";Concurso público;Empreitadas de obras públicas;45000000-7;Principal;Construção;233387.48 € ;"Unidade Local de Saúde do Alto Alentejo, EPE (508094461)";"Efima, Lda (513097759)";"233.387,48 €";02-04-2026;09-01-2026;180 dias;"Portugal, Portalegre, Portalegre";"Artigo 19.º, alínea b) do Código dos Contratos Públicos";;;;;;;Não aplicável.;Não aplicável.;false;https://community.vortal.biz/Public/public-tender-documents/azY2MUNpR05qRnh1bmYxd2ZPQkdHSThXbmVaY05sL3NXYTV0c0hPY0w4aEJQbHA0QU1CMjhTdVRlblhUTjJrMWRNVlh6T0FMY2RoK3oySHRjclNrTmc9PWplX0h6;false;;;"Código dos Contratos Públicos (DL111-B/2017) e Lei n.º 30/2021, de 21.05";false;false;
Aquisição de Medicamentos do Sistema Nervoso Central II;Concurso público;Aquisição de bens móveis;33661000-1;Principal;Medicamentos para o sistema nervoso;360.4 € ;Santa Casa da Misericórdia de Lisboa (500745471);"GRÜNENTHAL, S.A. (500101965)";"360,40 €";02-04-2026;19-03-2026;731 dias;"Portugal, Lisboa, Lisboa";"Artigo 20.º, n.º 1, alínea a) do Código dos Contratos Públicos";;;;;;;Não aplicável.;Não aplicável.;false;https://www.acingov.pt/acingovprod/2/zonaPublica/zona_publica_c/donwloadProcedurePiece/OTkwMzk0;false;;;"Código dos Contratos Públicos (DL111-B/2017) e Lei n.º 30/2021, de 21.05";false;false;
Aquisição de Consumíveis de Higiene para a ULSG: Ano 2026;Concurso público;Aquisição de bens móveis;33198000-4;Principal;Artigos de papel para uso hospitalar;8564.21 € ;"Unidade Local de Saúde da Guarda, EPE (508752000)";"CSH, COMERCIO SERVIÇO HIGIENE, LDA. (504346091)";"8.564,21 €";02-04-2026;25-03-2026;365 dias;"Portugal, Guarda, Guarda";"Artigo 20.º, n.º 1, alínea b) do Código dos Contratos Públicos";;;;;;;Não aplicável.;Não aplicável.;false;https://community.vortal.biz/Public/public-tender-documents/MTk2OXcxRDdzcjIwWmIzZ0FRa3UreWdydzlvbmppZjZsckhuRzJIQytmVDNtTHoxRWhWdjlZODlLbnRySE9vT2YzMGpLVEt1Z0t1Mmh4OGd1b05lRmc9PVR2dF9S;false;;;"Código dos Contratos Públicos (DL111-B/2017) e Lei n.º 30/2021, de 21.05";false;false;
Aquisição de Material para UCI;Concurso público;Aquisição de bens móveis;33140000-3;Principal;Material médico de consumo;36828.0 € ;"Unidade Local de Saúde do Algarve, EPE (510745997)";"Smiths Medical (Portugal), Unipessoal, Lda (507445937)";"36.828,00 €";02-04-2026;17-03-2026;365 dias;"Portugal, Faro, Portimão<BR/>Portugal, Faro, Faro";"Artigo 20.º, n.º 1, alínea a) do Código dos Contratos Públicos";;;;;;;Não aplicável.;Não aplicável.;false;https://community.vortal.biz/Public/public-tender-documents/UXBBNFlJY1pKWGtJMGthTVV6ZHloM01md0lNR1VNR2gxdlVQZ1IwcEYxQUNkdmhsZzhsRDF2Q25GaGdmMTVvNEpxL0R0Y2tFSEpUNVlvU2Y3RmhJYXc9PUlZamcy;false;;;"Código dos Contratos Públicos (DL111-B/2017) e Lei n.º 30/2021, de 21.05";false;false;
25AB00007440-Lote 3-Aquisição de equipamentos para posto de trabalho-Monitores;Concurso público;Aquisição de bens móveis;30200000-1;Principal;Equipamento e material informático;163000.0 € ;"Instituto de Gestão Financeira e Equipamentos da Justiça, IP (510361242)";"Inforlandia, S.A. (502425296)";"163.000,00 €";02-04-2026;30-03-2026;150 dias;"Portugal, Lisboa, Lisboa";"Artigo 20.º, n.º 1, alínea a) do Código dos Contratos Públicos";;;;;;;Não aplicável.;Não aplicável.;false;https://community.vortal.biz/Public/public-tender-documents/U0p4aUNYSis4dldQenhUVmJUTy9ZbG1YN2t5NDBBYlBRNTZ0VEdycFZScVVEK3BlbnlkTHh6ellqeWM5bTR3V1RLdnJzb2FWbmNhdHZ6ZitFbFBSRUE9PSVUdU5f;false;;;"Código dos Contratos Públicos (DL111-B/2017) e Lei n.º 30/2021, de 21.05";false;false;
Aquisição de Medicamentos do Sistema Nervoso Central II;Concurso público;Aquisição de bens móveis;33661000-1;Principal;Medicamentos para o sistema nervoso;702.0 € ;Santa Casa da Misericórdia de Lisboa (500745471);"GRÜNENTHAL, S.A. (500101965)";"702,00 €";02-04-2026;19-03-2026;731 dias;"Portugal, Lisboa, Lisboa";"Artigo 20.º, n.º 1, alínea a) do Código dos Contratos Públicos";;;;;;;Não aplicável.;Não aplicável.;false;https://www.acingov.pt/acingovprod/2/zonaPublica/zona_publica_c/donwloadProcedurePiece/OTkwMzk0;false;;;"Código dos Contratos Públicos (DL111-B/2017) e Lei n.º 30/2021, de 21.05";false;false;
"AQUISIÇÃO DE SERVIÇOS DE MANUTENÇÃO DE VEÍCULOS DO COMANDO TERRITORIAL DE AVEIRO, PARA O ANO 2026";Concurso público;Aquisição de serviços;50111000-6;Principal;"Serviços de gestão, reparação e manutenção de frota de veículos";29880.0 € ;Guarda Nacional Republicana (600008878);"LEIRIDIESEL - COMÉRCIO E REPARAÇÃO DE VEÍCULOS AUTOMÓVEIS, S.A (505454882)";"29.880,00 €";02-04-2026;30-03-2026;263 dias;"Portugal, Aveiro";"Artigo 20.º, n.º 1, alínea a) do Código dos Contratos Públicos";;;;;;;Não aplicável.;Não aplicável.;false;https://community.vortal.biz/Public/public-tender-documents/ZGhlWmwyWXF2ZEozOGtQdklhZ0JndjFzWTl2RkxFTFZIRklXZ0E2SGx2MnNxeSt4QlpoNWd0akZVaVh6bk1mcFp0S0ZrbTNJeWtQbWdwVDZacFhnRmc9PWc0cHpM;false;;;"Código dos Contratos Públicos (DL111-B/2017) e Lei n.º 30/2021, de 21.05";false;false;
"Prestação de Serviços de Inspeção Periódica (IP) de ascensores, monta-cargas, escadas mecânicas, tapetes rolantes e inquéritos a acidentes no concelho das Caldas da Rainha";Concurso público;Aquisição de serviços;71631000-0;Principal;Serviços técnicos de inspecção;32202.0 € ;Município das Caldas da Rainha (501222634);"GATECI - Gabinete Técnico de Certificação e Inspeção, Lda. (510605702)";"32.202,00 €";02-04-2026;30-03-2026;1095 dias;Portugal;"Artigo 20.º, n.º 1, alínea b) do Código dos Contratos Públicos";;;;;;;Não aplicável.;Não aplicável.;false;https://www.acingov.pt/acingovprod/2/zonaPublica/zona_publica_c/donwloadProcedurePiece/MTA1OTkxMg;false;;;"Código dos Contratos Públicos (DL111-B/2017) e Lei n.º 30/2021, de 21.05";false;false;
Aquisição de um medidor de perfil de vento LiDAR;Concurso público;Aquisição de bens móveis;38300000-8;Principal;Instrumentos de medição;89954.3 € ;INEGI - Instituto de Engenharia Mecânica e Gestão Industrial (501814957);"Vórtice - Equipamentos Científicos, Lda (501144552)";"89.954,30 €";02-04-2026;17-03-2026;122 dias;"Portugal, Porto, Porto";"Artigo 20.º, n.º 1, alínea b) do Código dos Contratos Públicos";;;;;;;Não aplicável.;Não aplicável.;false;https://www.acingov.pt/acingovprod/2/zonaPublica/zona_publica_c/donwloadProcedurePiece/MTA1NDUxMA;false;;;"Código dos Contratos Públicos (DL111-B/2017) e Lei n.º 30/2021, de 21.05";false;false;
Aquisição de Medicamentos do Sistema Nervoso Central II;Concurso público;Aquisição de bens móveis;33661000-1;Principal;Medicamentos para o sistema nervoso;681.12 € ;Santa Casa da Misericórdia de Lisboa (500745471);"PROFARIN - DISTRIBUIDORA DE PRODUTOS FARMACÊUTICOS INDUSTRIAIS, LDA. (500223238)";"681,12 €";02-04-2026;19-03-2026;731 dias;"Portugal, Lisboa, Lisboa";"Artigo 20.º, n.º 1, alínea a) do Código dos Contratos Públicos";;;;;;;Não aplicável.;Não aplicável.;false;https://www.acingov.pt/acingovprod/2/zonaPublica/zona_publica_c/donwloadProcedurePiece/OTkwMzk0;false;;;"Código dos Contratos Públicos (DL111-B/2017) e Lei n.º 30/2021, de 21.05";false;false;
25AB00007439-Lote 2-Aquisição de equipamentos para posto de trabalho-DESKTOP;Concurso público;Aquisição de bens móveis;30200000-1;Principal;Equipamento e material informático;3850000.0 € ;"Instituto de Gestão Financeira e Equipamentos da Justiça, IP (510361242)";"BASEDOIS-INFORMÁTICA E TELECOMUNICAÇÕES, LDA. (501333401)";"3.850.000,00 €";02-04-2026;26-03-2026;150 dias;"Portugal, Lisboa, Lisboa";"Artigo 20.º, n.º 1, alínea a) do Código dos Contratos Públicos";;;;;;;Não aplicável.;Não aplicável.;false;https://community.vortal.biz/Public/public-tender-documents/U0p4aUNYSis4dldQenhUVmJUTy9ZbG1YN2t5NDBBYlBRNTZ0VEdycFZScVVEK3BlbnlkTHh6ellqeWM5bTR3V1RLdnJzb2FWbmNhdHZ6ZitFbFBSRUE9PSVUdU5f;false;;;"Código dos Contratos Públicos (DL111-B/2017) e Lei n.º 30/2021, de 21.05";false;false;
AQUISIÇÃO DE SERVIÇOS PARA ELABORAÇÃO DE PROJETOS DE ARQUITETURA E DE ESPECIALIDADES;Concurso público;Aquisição de serviços;71240000-2;Principal;"Serviços de arquitectura, engenharia e planeamento";118284.8 € ;Município de Portimão (505309939);WA - Engenharia e Consultoria (513942696);"118.284,80 €";02-04-2026;31-03-2026;1096 dias;Portugal;"Artigo 20.º, n.º 1, alínea a) do Código dos Contratos Públicos";;;;;;;Não aplicável.;Não aplicável.;false;https://www.acingov.pt/acingovprod/2/zonaPublica/zona_publica_c/donwloadProcedurePiece/ODgxNzcw;false;;;"Código dos Contratos Públicos (DL111-B/2017) e Lei n.º 30/2021, de 21.05";false;false;
Aquisição de Medicamentos do Sistema Nervoso Central II;Concurso público;Aquisição de bens móveis;33661000-1;Principal;Medicamentos para o sistema nervoso;3378.94 € ;Santa Casa da Misericórdia de Lisboa (500745471);"NEURAXPHARM PORTUGAL, UNIPESSOAL, LDA. (515471224)";"3.378,94 €";02-04-2026;19-03-2026;731 dias;"Portugal, Lisboa, Lisboa";"Artigo 20.º, n.º 1, alínea a) do Código dos Contratos Públicos";;;;;;;Não aplicável.;Não aplicável.;false;https://www.acingov.pt/acingovprod/2/zonaPublica/zona_publica_c/donwloadProcedurePiece/OTkwMzk0;false;;;"Código dos Contratos Públicos (DL111-B/2017) e Lei n.º 30/2021, de 21.05";false;false;
"Licenças de software em regime de subscrição e, aquisição de equipamentos de geolocalização, para implementação de uma solução integrada de gestão de ocorrências para Bombeiros, Polícia Municipal e Serviço Municipal de Proteção Civil.";Concurso público;Aquisição de bens móveis<br/>Aquisição de serviços;72310000-1 | 32260000-3;Principal | Suplementar;Serviços de processamento de dados | Equipamento para transmissão de dados;24030.0 €  | 141270.0 € ;Município do Porto (501306099);"IFTHEN, LDA (504218204)";"165.300,00 €";02-04-2026;27-03-2026;1095 dias;"Portugal, Porto, Porto";"Artigo 20.º, n.º 1, alínea b) do Código dos Contratos Públicos";;;;;;;Não aplicável.;Não aplicável.;false;https://www.acingov.pt/acingovprod/2/zonaPublica/zona_publica_c/donwloadProcedurePiece/ODg4OTMz;false;;;"Código dos Contratos Públicos (DL111-B/2017) e Lei n.º 30/2021, de 21.05";false;false;
Agulhas Transbronquicas Ebus e CrioEbus;Concurso público;Aquisição de bens móveis;33100000-1;Principal;Equipamento médico;66000.0 € ;Instit. Port. Oncologia Coimbra Francisco Gentil (506361438);"MICRO-TECH PORTUGAL, UNIPESSOAL LDA. (503818348)";"66.000,00 €";02-04-2026;31-03-2026;276 dias;"Portugal, Coimbra, Coimbra<BR/>Portugal, Coimbra, Coimbra<BR/>Portugal, Coimbra, Coimbra";"Artigo 20.º, n.º 1, alínea b) do Código dos Contratos Públicos";;;;;;;Não aplicável.;Não aplicável.;false;https://community.vortal.biz/Public/public-tender-documents/Mms3aTBGbk9icEg1dERybmJuVVFNTzd3blRHQmVnbndkWlJoRjNkZm1hMmV1b1lSNFlwNmp6c2VIRWduYi9kc2xjQzN3K2FlWkFpcWNEcE9td3JDTWc9PSozTXIw;false;;;"Código dos Contratos Públicos (DL111-B/2017) e Lei n.º 30/2021, de 21.05";false;false;
Aquisição de Material para UCI;Concurso público;Aquisição de bens móveis;33140000-3;Principal;Material médico de consumo;5902.5 € ;"Unidade Local de Saúde do Algarve, EPE (510745997)";PMH PRODUTOS MEDICO HOSPITALARES SA (502376899);"5.902,50 €";02-04-2026;04-03-2026;365 dias;"Portugal, Faro, Portimão<BR/>Portugal, Faro, Faro";"Artigo 20.º, n.º 1, alínea a) do Código dos Contratos Públicos";;;;;;;Não aplicável.;Não aplicável.;false;https://community.vortal.biz/Public/public-tender-documents/UXBBNFlJY1pKWGtJMGthTVV6ZHloM01md0lNR1VNR2gxdlVQZ1IwcEYxQUNkdmhsZzhsRDF2Q25GaGdmMTVvNEpxL0R0Y2tFSEpUNVlvU2Y3RmhJYXc9PUlZamcy;false;;;"Código dos Contratos Públicos (DL111-B/2017) e Lei n.º 30/2021, de 21.05";false;false;
Aquisição de Medicamentos do Sistema Nervoso Central II;Concurso público;Aquisição de bens móveis;33661000-1;Principal;Medicamentos para o sistema nervoso;1577.84 € ;Santa Casa da Misericórdia de Lisboa (500745471);"B.BRAUN MEDICAL, UNIPESSOAL, LDA. (501506543)";"1.577,84 €";02-04-2026;19-03-2026;731 dias;"Portugal, Lisboa, Lisboa";"Artigo 20.º, n.º 1, alínea a) do Código dos Contratos Públicos";;;;;;;Não aplicável.;Não aplicável.;false;https://www.acingov.pt/acingovprod/2/zonaPublica/zona_publica_c/donwloadProcedurePiece/OTkwMzk0;false;;;"Código dos Contratos Públicos (DL111-B/2017) e Lei n.º 30/2021, de 21.05";false;false;
Aquisição de Serviços de Cópia e Impressão;Concurso público;Aquisição de serviços;72611000-6;Principal;Serviços de assistência técnica informática;179928.0 € ;Município de Bragança (506215547);"BCN - Sistemas de Escritório e Imagem, SA (505317087)";"179.928,00 €";02-04-2026;17-03-2026;1096 dias;"Portugal, Braganca, Bragança";"Artigo 20.º, n.º 1, alínea b) do Código dos Contratos Públicos";;;;;;;Não aplicável.;Não aplicável.;false;https://www.acingov.pt/acingovprod/2/zonaPublica/zona_publica_c/donwloadProcedurePiece/MTA0ODQ4MQ;false;;;"Código dos Contratos Públicos (DL111-B/2017) e Lei n.º 30/2021, de 21.05";false;false;
Aquisição de Material para UCI;Concurso público;Aquisição de bens móveis;33140000-3;Principal;Material médico de consumo;7275.0 € ;"Unidade Local de Saúde do Algarve, EPE (510745997)";Masimo INternational SARL  (821023548B01);"7.275,00 €";02-04-2026;04-03-2026;365 dias;"Portugal, Faro, Portimão<BR/>Portugal, Faro, Faro";"Artigo 20.º, n.º 1, alínea a) do Código dos Contratos Públicos";;;;;;;Não aplicável.;Não aplicável.;false;https://community.vortal.biz/Public/public-tender-documents/UXBBNFlJY1pKWGtJMGthTVV6ZHloM01md0lNR1VNR2gxdlVQZ1IwcEYxQUNkdmhsZzhsRDF2Q25GaGdmMTVvNEpxL0R0Y2tFSEpUNVlvU2Y3RmhJYXc9PUlZamcy;false;;;"Código dos Contratos Públicos (DL111-B/2017) e Lei n.º 30/2021, de 21.05";false;false;
Aquisição de Medicamentos do Sistema Nervoso Central II;Concurso público;Aquisição de bens móveis;33661000-1;Principal;Medicamentos para o sistema nervoso;191.06 € ;Santa Casa da Misericórdia de Lisboa (500745471);"NOVARTIS FARMA - PRODUTOS FARMACÊUTICOS, S.A. (500063524)";"191,06 €";02-04-2026;19-03-2026;731 dias;"Portugal, Lisboa, Lisboa";"Artigo 20.º, n.º 1, alínea a) do Código dos Contratos Públicos";;;;;;;Não aplicável.;Não aplicável.;false;https://www.acingov.pt/acingovprod/2/zonaPublica/zona_publica_c/donwloadProcedurePiece/OTkwMzk0;false;;;"Código dos Contratos Públicos (DL111-B/2017) e Lei n.º 30/2021, de 21.05";false;false;
Aquisição de Medicamentos do Sistema Nervoso Central II;Concurso público;Aquisição de bens móveis;33661000-1;Principal;Medicamentos para o sistema nervoso;2814.0 € ;Santa Casa da Misericórdia de Lisboa (500745471);"FRESENIUS KABI PHARMA PORTUGAL, LDA. (504293753)";"2.814,00 €";02-04-2026;19-03-2026;731 dias;"Portugal, Lisboa, Lisboa";"Artigo 20.º, n.º 1, alínea a) do Código dos Contratos Públicos";;;;;;;Não aplicável.;Não aplicável.;false;https://www.acingov.pt/acingovprod/2/zonaPublica/zona_publica_c/donwloadProcedurePiece/OTkwMzk0;false;;;"Código dos Contratos Públicos (DL111-B/2017) e Lei n.º 30/2021, de 21.05";false;false;
Aquisição de Medicamentos do Sistema Nervoso Central II;Concurso público;Aquisição de bens móveis;33661000-1;Principal;Medicamentos para o sistema nervoso;482.4 € ;Santa Casa da Misericórdia de Lisboa (500745471);"MUNDIPHARMA - FARMACÊUTICA, LDA. (506760014)";"482,40 €";02-04-2026;19-03-2026;731 dias;"Portugal, Lisboa, Lisboa";"Artigo 20.º, n.º 1, alínea a) do Código dos Contratos Públicos";;;;;;;Não aplicável.;Não aplicável.;false;https://www.acingov.pt/acingovprod/2/zonaPublica/zona_publica_c/donwloadProcedurePiece/OTkwMzk0;false;;;"Código dos Contratos Públicos (DL111-B/2017) e Lei n.º 30/2021, de 21.05";false;false;
Reabilitação do Museu de Lamego - Edifício de Reservas(2);Concurso público;Empreitadas de obras públicas;45200000-9;Principal;Obras de construção total ou parcial e de engenharia civil;898323.03 € ;Município de Lamego (506572218);AJP MATOS PINHEIRO LDA (515062707);"898.323,03 €";02-04-2026;31-03-2026;150 dias;Portugal;"Artigo 19.º, alínea b) do Código dos Contratos Públicos";;;;;;;Não aplicável.;Não aplicável.;false;https://www.acingov.pt/acingovprod/2/zonaPublica/zona_publica_c/donwloadProcedurePiece/MTA1OTc3NA;false;;;"Código dos Contratos Públicos (DL111-B/2017) e Lei n.º 30/2021, de 21.05";false;false;
Aquisição de Viatura Ligeira de Passageiros 100% Elétrica Transformada;Concurso público;Aquisição de bens móveis;34100000-8;Principal;Veículos a motor;37062.15 € ;Associação dos Amigos de Perrães (501569871);ENTREPOSTO A FONTES SA (501262300);"37.062,15 €";02-04-2026;31-03-2026;90 dias;Portugal;"Artigo 20.º, n.º 1, alínea b) do Código dos Contratos Públicos";;;;;;;Não aplicável.;Não aplicável.;false;https://www.acingov.pt/acingovprod/2/zonaPublica/zona_publica_c/donwloadProcedurePiece/MTA1ODMzMg;false;;;"Código dos Contratos Públicos (DL111-B/2017) e Lei n.º 30/2021, de 21.05";false;false;
Aquisição de Material para UCI;Concurso público;Aquisição de bens móveis;33140000-3;Principal;Material médico de consumo;19950.0 € ;"Unidade Local de Saúde do Algarve, EPE (510745997)";"GETINGE GROUP PORTUGAL, UNIPESSOAL LDA.(EX-MAQUET) (506819698)";"19.950,00 €";02-04-2026;17-03-2026;365 dias;"Portugal, Faro, Portimão<BR/>Portugal, Faro, Faro";"Artigo 20.º, n.º 1, alínea a) do Código dos Contratos Públicos";;;;;;;Não aplicável.;Não aplicável.;false;https://community.vortal.biz/Public/public-tender-documents/UXBBNFlJY1pKWGtJMGthTVV6ZHloM01md0lNR1VNR2gxdlVQZ1IwcEYxQUNkdmhsZzhsRDF2Q25GaGdmMTVvNEpxL0R0Y2tFSEpUNVlvU2Y3RmhJYXc9PUlZamcy;false;;;"Código dos Contratos Públicos (DL111-B/2017) e Lei n.º 30/2021, de 21.05";false;false;
Aquisição de Medicamentos do Sistema Nervoso Central II;Concurso público;Aquisição de bens móveis;33661000-1;Principal;Medicamentos para o sistema nervoso;1035.0 € ;Santa Casa da Misericórdia de Lisboa (500745471);LABESFAL - LABORATÓRIOS ALMIRO S.A. (501169580);"1.035,00 €";02-04-2026;19-03-2026;731 dias;"Portugal, Lisboa, Lisboa";"Artigo 20.º, n.º 1, alínea a) do Código dos Contratos Públicos";;;;;;;Não aplicável.;Não aplicável.;false;https://www.acingov.pt/acingovprod/2/zonaPublica/zona_publica_c/donwloadProcedurePiece/OTkwMzk0;false;;;"Código dos Contratos Públicos (DL111-B/2017) e Lei n.º 30/2021, de 21.05";false;false;
Aquisição de Medicamentos do Sistema Nervoso Central II;Concurso público;Aquisição de bens móveis;33661000-1;Principal;Medicamentos para o sistema nervoso;1860.0 € ;Santa Casa da Misericórdia de Lisboa (500745471);LABESFAL - LABORATÓRIOS ALMIRO S.A. (501169580);"1.860,00 €";02-04-2026;19-03-2026;731 dias;"Portugal, Lisboa, Lisboa";"Artigo 20.º, n.º 1, alínea a) do Código dos Contratos Públicos";;;;;;;Não aplicável.;Não aplicável.;false;https://www.acingov.pt/acingovprod/2/zonaPublica/zona_publica_c/donwloadProcedurePiece/OTkwMzk0;false;;;"Código dos Contratos Públicos (DL111-B/2017) e Lei n.º 30/2021, de 21.05";false;false;
EB1/JI Mazarefes - Obras de Requalificação e Beneficiação;Concurso público;Empreitadas de obras públicas;45113000-2;Principal;Obras no local;131843.36 € ;Município de Viana do Castelo (506037258);"Sociedade Albino Matos Fernandes – Engenharia & Construção, Lda (502543094)";"131.843,36 €";02-04-2026;31-03-2026;70 dias;"Portugal, Viana do Castelo, Viana do Castelo";"Artigo 19.º, alínea b) do Código dos Contratos Públicos";;;;;;;Não aplicável.;Não aplicável.;false;https://www.anogov.com/cm-vianacastelo/faces/app/acessoDocs.jsp?codigoAcesso=P6C5xfteQh8KyoN1n9wnR96PZdHGogMeSU2mY6YP4RyxulW4zj;false;;;"Código dos Contratos Públicos (DL111-B/2017) e Lei n.º 30/2021, de 21.05";false;false;
Aquisição de Medicamentos do Sistema Nervoso Central II;Concurso público;Aquisição de bens móveis;33661000-1;Principal;Medicamentos para o sistema nervoso;144.0 € ;Santa Casa da Misericórdia de Lisboa (500745471);LABORATÓRIO MEDINFAR-PRODUTOS FARMACÊUTICOS S.A. (500384045);"144,00 €";02-04-2026;19-03-2026;731 dias;"Portugal, Lisboa, Lisboa";"Artigo 20.º, n.º 1, alínea a) do Código dos Contratos Públicos";;;;;;;Não aplicável.;Não aplicável.;false;https://www.acingov.pt/acingovprod/2/zonaPublica/zona_publica_c/donwloadProcedurePiece/OTkwMzk0;false;;;"Código dos Contratos Públicos (DL111-B/2017) e Lei n.º 30/2021, de 21.05";false;false;
Aquisição de Material para UCI;Concurso público;Aquisição de bens móveis;33140000-3;Principal;Material médico de consumo;2674.0 € ;"Unidade Local de Saúde do Algarve, EPE (510745997)";"Medline international Portugal, Unipessoal, Lda.  (510533515)";"2.674,00 €";02-04-2026;04-03-2026;365 dias;"Portugal, Faro, Portimão<BR/>Portugal, Faro, Faro";"Artigo 20.º, n.º 1, alínea a) do Código dos Contratos Públicos";;;;;;;Não aplicável.;Não aplicável.;false;https://community.vortal.biz/Public/public-tender-documents/UXBBNFlJY1pKWGtJMGthTVV6ZHloM01md0lNR1VNR2gxdlVQZ1IwcEYxQUNkdmhsZzhsRDF2Q25GaGdmMTVvNEpxL0R0Y2tFSEpUNVlvU2Y3RmhJYXc9PUlZamcy;false;;;"Código dos Contratos Públicos (DL111-B/2017) e Lei n.º 30/2021, de 21.05";false;false;
Aquisição de Medicamentos do Sistema Nervoso Central II;Concurso público;Aquisição de bens móveis;33661000-1;Principal;Medicamentos para o sistema nervoso;900.0 € ;Santa Casa da Misericórdia de Lisboa (500745471);LABORATÓRIO MEDINFAR-PRODUTOS FARMACÊUTICOS S.A. (500384045);"900,00 €";02-04-2026;19-03-2026;731 dias;"Portugal, Lisboa, Lisboa";"Artigo 20.º, n.º 1, alínea a) do Código dos Contratos Públicos";;;;;;;Não aplicável.;Não aplicável.;false;https://www.acingov.pt/acingovprod/2/zonaPublica/zona_publica_c/donwloadProcedurePiece/OTkwMzk0;false;;;"Código dos Contratos Públicos (DL111-B/2017) e Lei n.º 30/2021, de 21.05";false;false;
IMUNOHEMOTERAPIA - REAGENTES C DISP EQUIP;Concurso público;Aquisição de bens móveis;33696500-0;Principal;Reagentes de laboratório;1581.52 € ;"Instituto Português de Oncologia de Coimbra Francisco Gentil, EPE (506361438)";"Quilaban – Química Laboratorial Analítica, S.A. (500399670)";"1.581,52 €";02-04-2026;25-03-2026;306 dias;"Portugal, Coimbra, Coimbra";"Artigo 20.º, n.º 1, alínea b) do Código dos Contratos Públicos";;;;;;;Não aplicável.;Não aplicável.;false;https://community.vortal.biz/Public/public-tender-documents/ZDZZcXowMGF3elIvNmVsNDUwb3FEWFQyZlI1TFVQaUJ3M3FKMm96dXhMZ1B3OG5Tam1LdXRwUmFnanY5VHdIbUpENnhyYy9XNysya2crbkxDQkZUaHc9PUI2ejRS;false;;;"Código dos Contratos Públicos (DL111-B/2017) e Lei n.º 30/2021, de 21.05";false;false;
"Aquisição, por LOTES, de Equipamentos Informáticos";Concurso público;Aquisição de bens móveis;30230000-0;Principal;Equipamento informático;1804.0 € ;Centro de Formação Profissional da Industria Metalúrgica e Metalomecânica (CENFIM) (502077352);"Iland Networks, S.A. (518531066)";"1.804,00 €";02-04-2026;26-01-2026;60 dias;"Portugal, Porto, Porto";"Artigo 20.º, n.º 1, alínea b) do Código dos Contratos Públicos";;;;;;;Não aplicável.;Não aplicável.;false;https://community.vortal.biz/Public/public-tender-documents/eGFMVHJKYWhycUVvT2xOaXZuS011YWVXL2NLaFVXZXBQdWJseXBYbW9IZ2lKcW96MDZnYUpsN1BhM3k5UnRDQW9uWm1zY3lwUkZuZVNld0JTdFFxVVE9PUgyNUJX;false;;;"Código dos Contratos Públicos (DL111-B/2017) e Lei n.º 30/2021, de 21.05";false;false;
ISI.PR.25.007 – Aquisição e instalação de sistema de vídeo vigilância;Concurso público;Aquisição de bens móveis;32323500-8;Principal;Sistema de vigilância por vídeo;519738.48 € ;"APS - Administração dos Portos de Sines e do Algarve, SA (501208950)";Zona Ativa - Sistemas de Electricidade e Segurança Lda (514795085);"519.738,48 €";02-04-2026;12-11-2025;160 dias;Portugal;"Artigo 33.º, n.º 1 do Código dos Contratos Públicos";;;;;;;Não aplicável.;Não aplicável.;false;https://community.vortal.biz/Public/public-tender-documents/anhLdk5KdmZBVjBDRWU0SkFSMk1DVUNWL0F4d0hlS1dwUXdQVDdvOFhqVGh0N3dCYi9rVURHb2E4VURwcE82cmV6TG1nb0xUSDIwRXB2ZVRsK0tzclE9PXlfUCtC;false;;;"Código dos Contratos Públicos (DL111-B/2017) e Lei n.º 30/2021, de 21.05";false;false;
Aquisição de Material para UCI;Concurso público;Aquisição de bens móveis;33140000-3;Principal;Material médico de consumo;11160.0 € ;"Unidade Local de Saúde do Algarve, EPE (510745997)";"B. BRAUN MEDICAL Unipessoal, Lda. (501506543)";"11.160,00 €";02-04-2026;17-03-2026;365 dias;"Portugal, Faro, Faro<BR/>Portugal, Faro, Portimão";"Artigo 20.º, n.º 1, alínea a) do Código dos Contratos Públicos";;;;;;;Não aplicável.;Não aplicável.;false;https://community.vortal.biz/Public/public-tender-documents/UXBBNFlJY1pKWGtJMGthTVV6ZHloM01md0lNR1VNR2gxdlVQZ1IwcEYxQUNkdmhsZzhsRDF2Q25GaGdmMTVvNEpxL0R0Y2tFSEpUNVlvU2Y3RmhJYXc9PUlZamcy;false;;;"Código dos Contratos Públicos (DL111-B/2017) e Lei n.º 30/2021, de 21.05";false;false;
Aquisição de serviços de impressão gráfica de materiais de comunicação e merchandising para a Bienal de Arte e Tecnologia - Index 2026;Concurso público;Aquisição de serviços;79823000-9;Principal;Serviços de impressão e entrega;4454.43 € ;"Faz Cultura - Empresa Municipal de Cultura de Braga, EM (500463964)";"Marketingable, Lda. (515263575)";"4.454,43 €";02-04-2026;31-03-2026;76 dias;"Portugal, Braga, Braga";"Artigo 20.º, n.º 1, alínea b) do Código dos Contratos Públicos";;;;;;;Não aplicável.;Não aplicável.;false;https://www.acingov.pt/acingovprod/2/zonaPublica/zona_publica_c/donwloadProcedurePiece/MTA2NTcxNQ;false;;;"Código dos Contratos Públicos (DL111-B/2017) e Lei n.º 30/2021, de 21.05";false;false;
Serviços de “Comunicação e avaliação da presença do Greater Porto no MIPIM 2026”.;Concurso público;Aquisição de serviços;79933000-3;Principal;Serviços de assistência em matéria de design;26266.66 € ;Município do Porto (501306099);"MARKETINGABLE, LDA (515263575)";"26.266,66 €";02-04-2026;06-03-2026;300 dias;"Portugal, Porto, Porto";"Artigo 20.º, n.º 1, alínea b) do Código dos Contratos Públicos";;;;;;;Não aplicável.;Não aplicável.;true;https://www.acingov.pt/acingovprod/2/zonaPublica/zona_publica_c/donwloadProcedurePiece/MTAwNzM1OQ;false;;;"Código dos Contratos Públicos (DL111-B/2017) e Lei n.º 30/2021, de 21.05";false;false;
IMUNOHEMOTERAPIA - REAGENTES C DISP EQUIP;Concurso público;Aquisição de bens móveis;33696500-0;Principal;Reagentes de laboratório;69691.0 € ;"Instituto Português de Oncologia de Coimbra Francisco Gentil, EPE (506361438)";"Bio-Rad Laboratories, Lda. (501301321)";"69.691,00 €";02-04-2026;31-03-2026;306 dias;"Portugal, Coimbra, Coimbra";"Artigo 20.º, n.º 1, alínea b) do Código dos Contratos Públicos";;;;;;;Não aplicável.;Não aplicável.;false;https://community.vortal.biz/Public/public-tender-documents/ZDZZcXowMGF3elIvNmVsNDUwb3FEWFQyZlI1TFVQaUJ3M3FKMm96dXhMZ1B3OG5Tam1LdXRwUmFnanY5VHdIbUpENnhyYy9XNysya2crbkxDQkZUaHc9PUI2ejRS;false;;;"Código dos Contratos Públicos (DL111-B/2017) e Lei n.º 30/2021, de 21.05";false;false;
"Prestação de serviços médicos Especialidade Ginecologia/Obstetrícia, com o Código CPV 85121210-8 - Serviços de Medicina Especializada";Concurso público;Aquisição de serviços;85121210-8;Principal;Serviços de ginecologia ou obstetrícia;104500.0 € ;"Unidade Local de Saúde do Oeste, EPE (514993871)";"GS24 - HEALTHCARE SOLUTIONS, S.A. (507824652)";"104.500,00 €";02-04-2026;27-02-2026;365 dias;"Portugal, Leiria, Caldas da Rainha";"Artigo 20.º, n.º 1, alínea a) do Código dos Contratos Públicos";;;;;;;Não aplicável.;Não aplicável.;false;https://community.vortal.biz/Public/public-tender-documents/c1puTENKeFJMQjJ5bEFvQk5VV05uUElTbWdpM050VTJwd0hLMHp5QWJBWUkrcUg1OVptVFpNZVJSOVRwcytoRkgzQkIwVlFPZDYzenV2aDZjcWs5dmc9PW05TFRl;false;;;"Código dos Contratos Públicos (DL111-B/2017) e Lei n.º 30/2021, de 21.05";false;false;
"Fornecimento de equipamento hoteleiro para as Escolas de Hotelaria e Turismo da rede escolar do Turismo de Portugal, I.P. ";Concurso público;Aquisição de bens móveis;39314000-6;Principal;Equipamento para cozinha industrial;1235101.0 € ;"Instituto do Turismo de Portugal, IP (508666236)";Sternblu - Tecnologia e Equipamentos Hoteleiros e Alimentares SA (501524606);"1.235.101,00 €";02-04-2026;30-03-2026;60 dias;"Portugal, Lisboa, Lisboa";"Artigo 20.º, n.º 1, alínea a) do Código dos Contratos Públicos";;;;;;;Não aplicável.;Não aplicável.;false;https://community.vortal.biz/Public/public-tender-documents/SEhLSWZTYmtodVlSdWdvUG5jUmdSdGJXa3hRSER1VHFDQ0RvcVBLdDBrMGw0bzNZVnFwRklubHB6bFlXQ2dxVGlMd3NYQyt4dlRZKzZmbFRCV21CMnc9PWFPKmZq;false;;;"Código dos Contratos Públicos (DL111-B/2017) e Lei n.º 30/2021, de 21.05";false;false;
262A000073 - Aquisição de Dispositivos de drenagem para 2026;Concurso público;Aquisição de bens móveis;33140000-3;Principal;Material médico de consumo;18950.25 € ;"Unidade Local de Saúde de Santa Maria, EPE (508481287)";"Aviquímica – Importações e Manufacturas, Lda. (500039720)";"18.950,25 €";02-04-2026;30-03-2026;276 dias;"Portugal, Lisboa, Lisboa";"Artigo 20.º, n.º 1, alínea b) do Código dos Contratos Públicos";;;;;;;Não aplicável.;Não aplicável.;false;https://community.vortal.biz/Public/public-tender-documents/NE5KZXFCK3VUSXlQUHQzTDZKWkhxRC9uV1hWT2ZXQ01ZM2xWZWNtenpwTHlZVEgxSkQ3NTJaNGpuRWlGcmhLaEtzeS9TY05WeFlla25CaVd6SzcrMXc9PSVrSFkr;false;;;"Código dos Contratos Públicos (DL111-B/2017) e Lei n.º 30/2021, de 21.05";false;false;
CP 08-2026 Aquisição de reagentes para a Área das Doenças Crónicas ;Concurso público;Aquisição de bens móveis;33696500-0;Principal;Reagentes de laboratório;8505.0 € ;"Instituto Nacional de Saúde Doutor Ricardo Jorge, IP (501427511)";"SYSMEX PORTUGAL, S.A. (500094853)";"8.505,00 €";01-04-2026;31-03-2026;306 dias;"Portugal, Lisboa, Lisboa";"Artigo 20.º, n.º 1, alínea b) do Código dos Contratos Públicos";;;;;;;Não aplicável.;Não aplicável.;false;https://www.acingov.pt/acingovprod/2/zonaPublica/zona_publica_c/donwloadProcedurePiece/MTA2MDE5OQ;false;;;"Código dos Contratos Públicos (DL111-B/2017) e Lei n.º 30/2021, de 21.05";false;false;
CP 08-2026 Aquisição de reagentes para a Área das Doenças Crónicas ;Concurso público;Aquisição de bens móveis;33696500-0;Principal;Reagentes de laboratório;4630.0 € ;"Instituto Nacional de Saúde Doutor Ricardo Jorge, IP (501427511)";ROCHE SISTEMA DE DIAGNOSTICOS (504282921);"4.630,00 €";01-04-2026;31-03-2026;273 dias;"Portugal, Lisboa, Lisboa";"Artigo 20.º, n.º 1, alínea b) do Código dos Contratos Públicos";;;;;;;Não aplicável.;Não aplicável.;false;https://www.acingov.pt/acingovprod/2/zonaPublica/zona_publica_c/donwloadProcedurePiece/MTA2MDE5OQ;false;;;"Código dos Contratos Públicos (DL111-B/2017) e Lei n.º 30/2021, de 21.05";false;false;
CP 08-2026 Aquisição de reagentes para a Área das Doenças Crónicas ;Concurso público;Aquisição de bens móveis;33696500-0;Principal;Reagentes de laboratório;142.5 € ;"Instituto Nacional de Saúde Doutor Ricardo Jorge, IP (501427511)";"KNOW-HOW Diagnósticos, LDA. (509884296)";"142,50 €";01-04-2026;31-03-2026;273 dias;"Portugal, Lisboa, Lisboa";"Artigo 20.º, n.º 1, alínea b) do Código dos Contratos Públicos";;;;;;;Não aplicável.;Não aplicável.;false;https://www.acingov.pt/acingovprod/2/zonaPublica/zona_publica_c/donwloadProcedurePiece/MTA2MDE5OQ;false;;;"Código dos Contratos Públicos (DL111-B/2017) e Lei n.º 30/2021, de 21.05";false;false;
CP 08-2026 Aquisição de reagentes para a Área das Doenças Crónicas ;Concurso público;Aquisição de bens móveis;33696500-0;Principal;Reagentes de laboratório;2940.99 € ;"Instituto Nacional de Saúde Doutor Ricardo Jorge, IP (501427511)";EUROIMMUN Portugal (504022180);"2.940,99 €";01-04-2026;31-03-2026;273 dias;"Portugal, Lisboa, Lisboa";"Artigo 20.º, n.º 1, alínea b) do Código dos Contratos Públicos";;;;;;;Não aplicável.;Não aplicável.;false;https://www.acingov.pt/acingovprod/2/zonaPublica/zona_publica_c/donwloadProcedurePiece/MTA2MDE5OQ;false;;;"Código dos Contratos Públicos (DL111-B/2017) e Lei n.º 30/2021, de 21.05";false;false;
CP 08-2026 Aquisição de reagentes para a Área das Doenças Crónicas ;Concurso público;Aquisição de bens móveis;33696500-0;Principal;Reagentes de laboratório;652.75 € ;"Instituto Nacional de Saúde Doutor Ricardo Jorge, IP (501427511)";"CSP Saúde, Centro de Serviços Partilhados, S.A. (508440246)";"652,75 €";01-04-2026;31-03-2026;273 dias;"Portugal, Lisboa, Lisboa";"Artigo 20.º, n.º 1, alínea b) do Código dos Contratos Públicos";;;;;;;Não aplicável.;Não aplicável.;false;https://www.acingov.pt/acingovprod/2/zonaPublica/zona_publica_c/donwloadProcedurePiece/MTA2MDE5OQ;false;;;"Código dos Contratos Públicos (DL111-B/2017) e Lei n.º 30/2021, de 21.05";false;false;
Locação de equipamentos técnicos no âmbito da programação da Direção de Convergências O objeto do contrato abrange ainda serviços de apoio técnico nas montagens e desmontagens dos respetivos equipamentos.;Concurso público;Locação de bens móveis;32330000-5;Principal;Aparelhos para gravação e reprodução de som e imagem;2350.0 € ;"Ágora - Cultura e Desporto do Porto, E.M., S.A. (507718640)";"Manuel Alfredo Pereira da Mota, unipessoal, LDA (514754931)";"2.350,00 €";01-04-2026;24-07-2025;2 dias;Portugal;"Artigo 20.º, n.º 1, alínea b) do Código dos Contratos Públicos";;;;;;;Não aplicável.;Não aplicável.;false;https://www.acingov.pt/acingovprod/2/zonaPublica/zona_publica_c/donwloadProcedurePiece/OTE1NzE2;false;;;"Código dos Contratos Públicos (DL111-B/2017) e Lei n.º 30/2021, de 21.05";false;false;
Empreitada n.º 314/DMMC/DIOA/DGI/2024  REQUALIFICAÇÃO DA RUA 1.º CABO JOSÉ MARTINS SILVESTRE (Processo nº 19/CP/DGES/ND/2022);Concurso público;Empreitadas de obras públicas;45211360-0;Principal;Obras de urbanização;113561.76 € ;Município de Lisboa (500051070);"MANUEL GOMES DE ALMEIDA & FILHO, LDA (501379754)";"113.561,76 €";01-04-2026;27-03-2026;120 dias;Portugal;"Artigo 19.º, alínea b) do Código dos Contratos Públicos";;;;;;;Não aplicável.;Não aplicável.;false;https://www.acingov.pt/acingovprod/2/zonaPublica/zona_publica_c/donwloadProcedurePiece/ODI2NTA0;false;;;"Código dos Contratos Públicos (DL111-B/2017) e Lei n.º 30/2021, de 21.05";false;false;
PRC/2025/162/DAR/CP - Serviços de Gestão de Resíduos do Tratamento de Águas Residuais do Polo Mondego;Concurso público;Aquisição de serviços;90500000-2;Principal;Serviços relativos a resíduos e lixos;739714.17 € ;"Águas do Centro Litoral, SA (513606181)";"PlenaVia - Construção e Conservação de Vias, Lda. (505886154)";"739.714,17 €";01-04-2026;20-03-2026;1096 dias;Portugal;"Artigo 20.º, n.º 1, alínea a) do Código dos Contratos Públicos";;;;;;;Não aplicável.;Não aplicável.;false;https://www.acingov.pt/acingovprod/2/zonaPublica/zona_publica_c/donwloadProcedurePiece/OTg5MzA1;false;;;"Código dos Contratos Públicos (DL111-B/2017) e Lei n.º 30/2021, de 21.05";false;false;
FEUP | CPI N.º 06/2025 - AQUISIÇÃO DE EQUIPAMENTO DE MANUFATURA ADITIVA POR DIRECTED ENERGY DEPOSITION (DED);Concurso público;Aquisição de bens móveis;38810000-6;Principal;Equipamento para controlo de processos industriais;335222.5 € ;Universidade do Porto - Reitoria (501413197);AIMEN ASOCIATION DE INV. METAL. DEL NOROESTE (G36606291);"335.222,50 €";01-04-2026;18-03-2026;73 dias;"Portugal, Porto, Porto";"Artigo 20.º, n.º 1, alínea a) do Código dos Contratos Públicos";;;;;;;Não aplicável.;Não aplicável.;false;https://www.anogov.com/up-feup/faces/app/acessoDocs.jsp?codigoAcesso=GO3nG9LEnazo7RfVyMS7BPjvaDxRy9xtjDn4npZFIqOsO9vD7Y;false;;;"Código dos Contratos Públicos (DL111-B/2017) e Lei n.º 30/2021, de 21.05";false;false;
MICROBALANÇA GRAVIMÉTRICA ;Concurso público;Aquisição de bens móveis;38310000-1;Principal;Balanças de precisão;240000.0 € ;Universidade do Porto (501413197);"Norleq- Equipamentos e Serviços, Lda (509880509)";"240.000,00 €";01-04-2026;31-03-2026;60 dias;"Portugal, Porto, Porto";"Artigo 20.º, n.º 1, alínea a) do Código dos Contratos Públicos";;;;;;;Não aplicável.;Não aplicável.;false;https://www.acingov.pt/acingovprod/2/zonaPublica/zona_publica_c/donwloadProcedurePiece/MTA1ODkzNA;false;;;"Código dos Contratos Públicos (DL111-B/2017) e Lei n.º 30/2021, de 21.05";false;false;
25AB00007438-Lt 1-Aquisição de equipamentos para posto de trabalho-Portáteis-;Concurso público;Aquisição de bens móveis;30200000-1;Principal;Equipamento e material informático;1.3037E7 € ;"Instituto de Gestão Financeira e Equipamentos da Justiça, IP (510361242)";"BASE2, LDA (501333401)";"13.037.000,00 €";01-04-2026;26-03-2026;150 dias;"Portugal, Lisboa, Lisboa";"Artigo 20.º, n.º 1, alínea a) do Código dos Contratos Públicos";;;;;;;Não aplicável.;Não aplicável.;false;https://community.vortal.biz/Public/public-tender-documents/U0p4aUNYSis4dldQenhUVmJUTy9ZbG1YN2t5NDBBYlBRNTZ0VEdycFZScVVEK3BlbnlkTHh6ellqeWM5bTR3V1RLdnJzb2FWbmNhdHZ6ZitFbFBSRUE9PSVUdU5f;false;;;"Código dos Contratos Públicos (DL111-B/2017) e Lei n.º 30/2021, de 21.05";false;false;
AQUISIÇÃO DE VIDROS PARA BENEFICIAÇÕES DIVERSAS EM EDIFÍCIOS MUNICIPAIS E ESCOLARES;Concurso público;Aquisição de bens móveis;14820000-5;Principal;Vidro;150000.0 € ;Município de Penafiel (501073663);"Vidriluz Fonsecas & Frade, Lda. (500693897)";"150.000,00 €";01-04-2026;30-03-2026;1096 dias;"Portugal, Porto, Penafiel";"Artigo 20.º, n.º 1, alínea b) do Código dos Contratos Públicos";;;;;;;Não aplicável.;Não aplicável.;false;https://community.vortal.biz/Public/public-tender-documents/NjNXUEpDU3gyaGp2SDJYSjFvVm1jeTJLSXRVY2plaXdydjdCZDhvTzNBcGQybXhuUWFrMExQMmNjS0Z6WU1qNFV5eSt3YXdlVHRvZHc3TGlIR0Qwd1E9PUpwN3Qz;false;;;"Código dos Contratos Públicos (DL111-B/2017) e Lei n.º 30/2021, de 21.05";false;false;
CP nº 2/2026 - Aquisição de Equipamentos Científicos para o Laboratório Ótica Aplicada do CO da Unidade de I&D FibEnTech - Universidade da Beira Interior;Concurso público;Aquisição de bens móveis;38900000-4;Principal;Instrumentos diversos de avaliação ou ensaio;35990.0 € ;Universidade da Beira Interior (502083514);"COLORMETRIX – Colorimetria Sistemas e Serviços, Lda., (513260889)";"35.990,00 €";01-04-2026;31-03-2026;90 dias;"Portugal, Castelo Branco, Covilhã";"Artigo 20.º, n.º 1, alínea b) do Código dos Contratos Públicos";;;;;;;Não aplicável.;Não aplicável.;false;https://www.acingov.pt/acingovprod/2/zonaPublica/zona_publica_c/donwloadProcedurePiece/MTA1NDYxMQ;false;;;"Código dos Contratos Públicos (DL111-B/2017) e Lei n.º 30/2021, de 21.05";false;false;
Aquisição de serviços de assistente de sala;Concurso público;Aquisição de serviços;92000000-1;Principal;"Serviços recreativos, culturais e desportivos";38844.0 € ;"Faz Cultura - Empresa Municipal de Cultura de Braga, EM (500463964)";"KNOW HOW – SOCIEDADE DE ENSINO DE LÍNGUAS E ACÇÃO SOCIAL, UNIPESSOAL, LDA. (502034866)";"38.844,00 €";01-04-2026;31-03-2026;274 dias;"Portugal, Braga, Braga";"Artigo 20.º, n.º 1, alínea b) do Código dos Contratos Públicos";;;;;;;Não aplicável.;Não aplicável.;false;https://www.acingov.pt/acingovprod/2/zonaPublica/zona_publica_c/donwloadProcedurePiece/MTA2ODMzOA;false;;;"Código dos Contratos Públicos (DL111-B/2017) e Lei n.º 30/2021, de 21.05";false;false;
CP nº 2/2026 - Aquisição de Equipamentos Científicos para o Laboratório Ótica Aplicada do CO da Unidade de I&D FibEnTech - Universidade da Beira Interior;Concurso público;Aquisição de bens móveis;38900000-4;Principal;Instrumentos diversos de avaliação ou ensaio;10500.0 € ;Universidade da Beira Interior (502083514);"Jestma Maquinas Costura; Lda (502099755)";"10.500,00 €";01-04-2026;31-03-2026;90 dias;"Portugal, Castelo Branco, Covilhã";"Artigo 20.º, n.º 1, alínea b) do Código dos Contratos Públicos";;;;;;;Não aplicável.;Não aplicável.;false;https://www.acingov.pt/acingovprod/2/zonaPublica/zona_publica_c/donwloadProcedurePiece/MTA1NDYxMQ;false;;;"Código dos Contratos Públicos (DL111-B/2017) e Lei n.º 30/2021, de 21.05";false;false;
"CT-25/01580 – Aquisição de bens de informática e comunicações para 2026, em regime de fornecimento contínuo";Concurso público;Aquisição de bens móveis;31680000-6;Principal;Aparelhos e acessórios eléctricos;30000.0 € ;Município de Sintra (500051062);"Henvi - Equipamentos Industriais, Lda. (500918503)";"30.000,00 €";01-04-2026;20-03-2026;286 dias;"Portugal, Lisboa, Sintra";"Artigo 20.º, n.º 1, alínea b) do Código dos Contratos Públicos";;;;;;;Não aplicável.;Não aplicável.;false;https://community.vortal.biz/Public/public-tender-documents/T2hOYWlHSHpZUnhYV055THNub1kyWG9xT0NrOFowQU5JK1d6Szl5MVpCc1RHMFFtQTAvL3pxTWRkaVp4Q3hJK0RvQXZSN2lGc2w4MkI2NDZtbXpMOFE9PV5la2h2;false;;;"Código dos Contratos Públicos (DL111-B/2017) e Lei n.º 30/2021, de 21.05";false;false;
"Empreitada de Obras Públicas ""Alteração e ampliação de edifício, Fração B, para Loja de Cidadão de Celorico da Beira.";Concurso público;Empreitadas de obras públicas;45200000-9;Principal;Obras de construção total ou parcial e de engenharia civil;963645.0 € ;Município de Celorico da Beira (506849635);"Efima, Lda (513097759)";"963.645,00 €";01-04-2026;03-03-2026;180 dias;"Portugal, Guarda, Celorico da Beira";"Artigo 19.º, alínea b) do Código dos Contratos Públicos";;;;;;;Não aplicável.;Não aplicável.;false;https://www.acingov.pt/acingovprod/2/zonaPublica/zona_publica_c/donwloadProcedurePiece/MTAwOTEwNQ;false;;;"Código dos Contratos Públicos (DL111-B/2017) e Lei n.º 30/2021, de 21.05";false;false;
Concurso Público para a Contratação de Serviço de Transporte Rodoviário de Passageiros na Região da Comunidade Intermunicipal das Beiras e Serra da Estrela;Concurso público;Aquisição de serviços;60100000-9;Principal;Serviços de transporte rodoviário;9680539.43 € ;Comunidade Intermunicipal das Beiras e Serra da Estrela (513025766);TBSE Unipessoal Lda (519167210);"9.680.539,43 €";01-04-2026;24-03-2026;1826 dias;"Portugal, Guarda, Guarda";"Artigo 20.º, n.º 1, alínea a) do Código dos Contratos Públicos";;;;;;;Não aplicável.;Não aplicável.;false;https://www.acingov.pt/acingovprod/2/zonaPublica/zona_publica_c/donwloadProcedurePiece/ODAwMjM1;false;;;"Código dos Contratos Públicos (DL111-B/2017) e Lei n.º 30/2021, de 21.05";false;false;
Aquisição de Material para UCI;Concurso público;Aquisição de bens móveis;33140000-3;Principal;Material médico de consumo;34530.75 € ;"Unidade Local de Saúde do Algarve, EPE (510745997)";"INTERSURGICAL PORTUGAL, COMÉRCIO DE PRODUTOS HOSPITALARES, UNIPESSOAL, LDA. (503480045)";"34.530,75 €";01-04-2026;17-03-2026;365 dias;"Portugal, Faro, Portimão<BR/>Portugal, Faro, Faro";"Artigo 20.º, n.º 1, alínea a) do Código dos Contratos Públicos";;;;;;;Não aplicável.;Não aplicável.;false;https://community.vortal.biz/Public/public-tender-documents/UXBBNFlJY1pKWGtJMGthTVV6ZHloM01md0lNR1VNR2gxdlVQZ1IwcEYxQUNkdmhsZzhsRDF2Q25GaGdmMTVvNEpxL0R0Y2tFSEpUNVlvU2Y3RmhJYXc9PUlZamcy;false;;;"Código dos Contratos Públicos (DL111-B/2017) e Lei n.º 30/2021, de 21.05";false;false;
Aquisição de serviços para a Assessoria Técnica Especializada;Concurso público;Aquisição de serviços;79411000-8;Principal;Serviços gerais de consultoria em matéria de gestão geral;121951.22 € ;Município de Faro (506579425);"SMART VISION - ASSESSORES E AUDITORES ESTRATÉGICOS, LDA (507291956)";"121.951,22 €";01-04-2026;31-03-2026;456 dias;"Portugal, Faro, Faro";"Artigo 20.º, n.º 1, alínea b) do Código dos Contratos Públicos";;;;;;;Não aplicável.;Não aplicável.;false;https://www.acingov.pt/acingovprod/2/zonaPublica/zona_publica_c/donwloadProcedurePiece/MTA1MTA0OQ;false;;;"Código dos Contratos Públicos (DL111-B/2017) e Lei n.º 30/2021, de 21.05";false;false;
Aquisição de Material para UCI;Concurso público;Aquisição de bens móveis;33140000-3;Principal;Material médico de consumo;3638.0 € ;"Unidade Local de Saúde do Algarve, EPE (510745997)";"H.R Hospitalar, Lda. (501895558)";"3.638,00 €";01-04-2026;04-03-2026;365 dias;"Portugal, Faro, Faro<BR/>Portugal, Faro, Portimão";"Artigo 20.º, n.º 1, alínea a) do Código dos Contratos Públicos";;;;;;;Não aplicável.;Não aplicável.;false;https://community.vortal.biz/Public/public-tender-documents/UXBBNFlJY1pKWGtJMGthTVV6ZHloM01md0lNR1VNR2gxdlVQZ1IwcEYxQUNkdmhsZzhsRDF2Q25GaGdmMTVvNEpxL0R0Y2tFSEpUNVlvU2Y3RmhJYXc9PUlZamcy;false;;;"Código dos Contratos Públicos (DL111-B/2017) e Lei n.º 30/2021, de 21.05";false;false;
Aquisição de Material para UCI;Concurso público;Aquisição de bens móveis;33140000-3;Principal;Material médico de consumo;2189.9 € ;"Unidade Local de Saúde do Algarve, EPE (510745997)";ESTERIPLAS (502020776);"2.189,90 €";01-04-2026;04-03-2026;365 dias;"Portugal, Faro, Faro<BR/>Portugal, Faro, Portimão";"Artigo 20.º, n.º 1, alínea a) do Código dos Contratos Públicos";;;;;;;Não aplicável.;Não aplicável.;false;https://community.vortal.biz/Public/public-tender-documents/UXBBNFlJY1pKWGtJMGthTVV6ZHloM01md0lNR1VNR2gxdlVQZ1IwcEYxQUNkdmhsZzhsRDF2Q25GaGdmMTVvNEpxL0R0Y2tFSEpUNVlvU2Y3RmhJYXc9PUlZamcy;false;;;"Código dos Contratos Públicos (DL111-B/2017) e Lei n.º 30/2021, de 21.05";false;false;
Aquisição de Serviços de Seguros  Ramo Acidentes em Trabalho;Concurso público;Aquisição de serviços;66510000-8;Principal;Serviços de seguros;82076.98 € ;Câmara Municipal de Miranda do Douro (506806898);"Fidelidade Companhia de Seguros, S.A. (500918880)";"82.076,98 €";01-04-2026;31-03-2026;731 dias;Portugal;"Artigo 20.º, n.º 1, alínea b) do Código dos Contratos Públicos";;;;;;;Não aplicável.;Não aplicável.;false;https://www.acingov.pt/acingovprod/2/zonaPublica/zona_publica_c/donwloadProcedurePiece/MTA1NzM5Ng;false;;;"Código dos Contratos Públicos (DL111-B/2017) e Lei n.º 30/2021, de 21.05";false;false;
AQUISIÇÃO DE MATERIAL DE TRAUMATOLOGIA;Concurso público;Aquisição de bens móveis;33183200-8;Principal;Próteses ortopédicas;17680.0 € ;Santa Casa da Misericórdia de Lisboa (500745471);JOHNSON & JOHNSON LDA (500153370);"17.680,00 €";01-04-2026;31-03-2026;731 dias;"Portugal, Lisboa, Cascais";"Artigo 20.º, n.º 1, alínea a) do Código dos Contratos Públicos";;;;;;;Não aplicável.;Não aplicável.;false;https://www.acingov.pt/acingovprod/2/zonaPublica/zona_publica_c/donwloadProcedurePiece/OTk2MDQ2;false;;;"Código dos Contratos Públicos (DL111-B/2017) e Lei n.º 30/2021, de 21.05";false;false;
Aquisição de Material para UCI;Concurso público;Aquisição de bens móveis;33140000-3;Principal;Material médico de consumo;22000.0 € ;"Unidade Local de Saúde do Algarve, EPE (510745997)";"MICRO-TECH PORTUGAL, UNIPESSOAL LDA. (503818348)";"22.000,00 €";01-04-2026;17-03-2026;365 dias;"Portugal, Faro, Portimão<BR/>Portugal, Faro, Faro";"Artigo 20.º, n.º 1, alínea a) do Código dos Contratos Públicos";;;;;;;Não aplicável.;Não aplicável.;false;https://community.vortal.biz/Public/public-tender-documents/UXBBNFlJY1pKWGtJMGthTVV6ZHloM01md0lNR1VNR2gxdlVQZ1IwcEYxQUNkdmhsZzhsRDF2Q25GaGdmMTVvNEpxL0R0Y2tFSEpUNVlvU2Y3RmhJYXc9PUlZamcy;false;;;"Código dos Contratos Públicos (DL111-B/2017) e Lei n.º 30/2021, de 21.05";false;false;
"Aquisição de Serviços de Gestão de Infraestruturas Turísticas, ao Nível do Tratamento de Roupa (Recolha e Colocação), Gestão de Equipamentos, Serviços de Hotelaria e Higienização e Limpeza dos Espaços Propriedade dos SSGNR";Concurso público;Aquisição de serviços;90900000-6;Principal;Serviços de limpeza e saneamento;11025.0 € ;Serviços Sociais da Guarda Nacional Republicana (501433813);Dragondisplay (515109509);"11.025,00 €";01-04-2026;31-03-2026;1096 dias;"Portugal, Setúbal, Santiago do Cacém";"Artigo 20.º, n.º 1, alínea a) do Código dos Contratos Públicos";;;;;;;Não aplicável.;Não aplicável.;false;https://community.vortal.biz/Public/public-tender-documents/VVNrOFZFZm9sM0FoZTgxamJrS0JHS3JXaEZZVHYzWWQzdTJ4Yzh0a1BPUG1OOU9WalRHSkpWWlptNXZheHRXN1JMSU1senU1N0RBdVlxVUMzaUtLU3c9PXBDMVlL;false;;;"Código dos Contratos Públicos (DL111-B/2017) e Lei n.º 30/2021, de 21.05";false;false;
142002026 Aquisição de Broncofibroscópios para a ULSLO 2026;Concurso público;Aquisição de bens móveis;33140000-3;Principal;Material médico de consumo;102170.0 € ;"Unidade Local de Saúde de Lisboa Ocidental, EPE (507618319)";Lusopalex - Produtos de Saude Unipessoal Lda (503531588);"102.170,00 €";01-04-2026;26-03-2026;366 dias;"Portugal, Lisboa, Lisboa";"Artigo 20.º, n.º 1, alínea b) do Código dos Contratos Públicos";;;;;;;Não aplicável.;Não aplicável.;false;https://community.vortal.biz/Public/public-tender-documents/WHpJcWtoSmZGRXZlWjFUcktrcDBUcjlOS1l1anV4bU45NWFabTdjUnRlUHFPZk5ETVh0MHNUZXdIM0haMDEyQXlRMTYvaHJ4RU5EYVFCdHNsY0o0YWc9PWwwd1VH;false;;;"Código dos Contratos Públicos (DL111-B/2017) e Lei n.º 30/2021, de 21.05";false;false;
Concurso Público n.º 27/2025  Aquisição de equipamentos de robótica para o Instituto Politécnico de Viseu no âmbito do projeto PRR - LFA - Impulso Jovens Steam e Impulso Adulto;Concurso público;Aquisição de bens móveis;31720000-9;Principal;Equipamento electromecânico;47765.0 € ;Instituto Politécnico de Viseu (680033548);F.FONSECA S.A. (500833982);"47.765,00 €";01-04-2026;23-03-2026;60 dias;"Portugal, Viseu, Viseu";"Artigo 20.º, n.º 1, alínea b) do Código dos Contratos Públicos";;;;;;;Não aplicável.;Não aplicável.;false;https://www.acingov.pt/acingovprod/2/zonaPublica/zona_publica_c/donwloadProcedurePiece/MTAwNTY2NA;false;;;"Código dos Contratos Públicos (DL111-B/2017) e Lei n.º 30/2021, de 21.05";false;false;
142002026 Aquisição de Broncofibroscópios para a ULSLO 2026;Concurso público;Aquisição de bens móveis;33140000-3;Principal;Material médico de consumo;36000.0 € ;"Unidade Local de Saúde de Lisboa Ocidental, EPE (507618319)";Iberdata - Equipamentos - SA (501904921);"36.000,00 €";01-04-2026;25-03-2026;366 dias;"Portugal, Lisboa, Lisboa";"Artigo 20.º, n.º 1, alínea b) do Código dos Contratos Públicos";;;;;;;Não aplicável.;Não aplicável.;false;https://community.vortal.biz/Public/public-tender-documents/WHpJcWtoSmZGRXZlWjFUcktrcDBUcjlOS1l1anV4bU45NWFabTdjUnRlUHFPZk5ETVh0MHNUZXdIM0haMDEyQXlRMTYvaHJ4RU5EYVFCdHNsY0o0YWc9PWwwd1VH;false;;;"Código dos Contratos Públicos (DL111-B/2017) e Lei n.º 30/2021, de 21.05";false;false;
Aquisição de Material para UCI;Concurso público;Aquisição de bens móveis;33140000-3;Principal;Material médico de consumo;8202.44 € ;"Unidade Local de Saúde do Algarve, EPE (510745997)";"MEDICINÁLIA CORMÉDICA - MCMEDICAL, LIMITADA (500684324)";"8.202,44 €";01-04-2026;04-03-2026;365 dias;"Portugal, Faro, Faro<BR/>Portugal, Faro, Portimão";"Artigo 20.º, n.º 1, alínea a) do Código dos Contratos Públicos";;;;;;;Não aplicável.;Não aplicável.;false;https://community.vortal.biz/Public/public-tender-documents/UXBBNFlJY1pKWGtJMGthTVV6ZHloM01md0lNR1VNR2gxdlVQZ1IwcEYxQUNkdmhsZzhsRDF2Q25GaGdmMTVvNEpxL0R0Y2tFSEpUNVlvU2Y3RmhJYXc9PUlZamcy;false;;;"Código dos Contratos Públicos (DL111-B/2017) e Lei n.º 30/2021, de 21.05";false;false;
Concurso Público n.º24/2025  Aquisição de equipamento informático no âmbito do Projeto INOV3P para o Instituto Politécnico de Viseu;Concurso público;Aquisição de bens móveis;30236000-2;Principal;Equipamento informático diverso;8565.0 € ;Instituto Politécnico de Viseu (680033548);António Ezequias Gamba-AEG;"8.565,00 €";01-04-2026;23-03-2026;30 dias;"Portugal, Viseu, Viseu<BR/>Portugal, Viseu, Viseu";"Artigo 20.º, n.º 1, alínea b) do Código dos Contratos Públicos";;;;;;;Não aplicável.;Não aplicável.;false;https://www.acingov.pt/acingovprod/2/zonaPublica/zona_publica_c/donwloadProcedurePiece/MTAwNDE0Nw;false;;;"Código dos Contratos Públicos (DL111-B/2017) e Lei n.º 30/2021, de 21.05";false;false;
0200057.232026 - Aquisição de Cateteres e Fixadores para Acessos Venosos Centrais;Concurso público;Aquisição de bens móveis;33141200-2;Principal;Cateteres;204000.0 € ;"Unidade Local de Saúde de Entre o Douro e Vouga, EPE (508878462)";"BECTON DICKINSON PORTUGAL, UNIPESSOAL, LDA (514239743)";"204.000,00 €";01-04-2026;25-02-2026;1095 dias;"Portugal, Aveiro, Santa Maria da Feira";"Artigo 20.º, n.º 1, alínea a) do Código dos Contratos Públicos";;;;;;;Não aplicável.;Não aplicável.;false;https://community.vortal.biz/Public/public-tender-documents/MXlBNW40OVErTnBSeG04Ujl4Zk00cmZqUkNubkRzUHlRK0NDemF5UUxWdEtoKzBrRmcyK25iNGxhOU85a3VmZmNxNjNyMWd1cFFxcC82M2Z6N0tKTFE9PShaclVI;false;;;"Código dos Contratos Públicos (DL111-B/2017) e Lei n.º 30/2021, de 21.05";false;false;
AQUISIÇÃO DE MATERIAL DE TRAUMATOLOGIA;Concurso público;Aquisição de bens móveis;33183200-8;Principal;Próteses ortopédicas;16120.0 € ;Santa Casa da Misericórdia de Lisboa (500745471);JOHNSON & JOHNSON LDA (500153370);"16.120,00 €";01-04-2026;31-03-2026;731 dias;"Portugal, Lisboa, Cascais";"Artigo 20.º, n.º 1, alínea a) do Código dos Contratos Públicos";;;;;;;Não aplicável.;Não aplicável.;false;https://www.acingov.pt/acingovprod/2/zonaPublica/zona_publica_c/donwloadProcedurePiece/OTk2MDQ2;false;;;"Código dos Contratos Públicos (DL111-B/2017) e Lei n.º 30/2021, de 21.05";false;false;
142002026 Aquisição de Broncofibroscópios para a ULSLO 2026;Concurso público;Aquisição de bens móveis;33140000-3;Principal;Material médico de consumo;64185.0 € ;"Unidade Local de Saúde de Lisboa Ocidental, EPE (507618319)";"SPACEINSP DISPOSITIVOS MEDICOS, LDA (514126329)";"64.185,00 €";01-04-2026;30-03-2026;366 dias;"Portugal, Lisboa, Lisboa";"Artigo 20.º, n.º 1, alínea b) do Código dos Contratos Públicos";;;;;;;Não aplicável.;Não aplicável.;false;https://community.vortal.biz/Public/public-tender-documents/WHpJcWtoSmZGRXZlWjFUcktrcDBUcjlOS1l1anV4bU45NWFabTdjUnRlUHFPZk5ETVh0MHNUZXdIM0haMDEyQXlRMTYvaHJ4RU5EYVFCdHNsY0o0YWc9PWwwd1VH;false;;;"Código dos Contratos Públicos (DL111-B/2017) e Lei n.º 30/2021, de 21.05";false;false;
Concurso Público n.º24/2025  Aquisição de equipamento informático no âmbito do Projeto INOV3P para o Instituto Politécnico de Viseu;Concurso público;Aquisição de bens móveis;30236000-2;Principal;Equipamento informático diverso;6058.0 € ;Instituto Politécnico de Viseu (680033548);"Ésistemas Consultoria de Sistemas de Comunicação Visual e Multimédia, Lda (506504948)";"6.058,00 €";01-04-2026;23-03-2026;30 dias;"Portugal, Viseu, Viseu";"Artigo 20.º, n.º 1, alínea b) do Código dos Contratos Públicos";;;;;;;Não aplicável.;Não aplicável.;false;https://www.acingov.pt/acingovprod/2/zonaPublica/zona_publica_c/donwloadProcedurePiece/MTAwNDE0Nw;false;;;"Código dos Contratos Públicos (DL111-B/2017) e Lei n.º 30/2021, de 21.05";false;false;
Aquisição de Material para UCI;Concurso público;Aquisição de bens móveis;33140000-3;Principal;Material médico de consumo;3760.0 € ;"Unidade Local de Saúde do Algarve, EPE (510745997)";"CARDIVA PORTUGAL UNIPESSOAL, LDA. (508570514)";"3.760,00 €";01-04-2026;04-03-2026;365 dias;"Portugal, Faro, Portimão<BR/>Portugal, Faro, Faro";"Artigo 20.º, n.º 1, alínea a) do Código dos Contratos Públicos";;;;;;;Não aplicável.;Não aplicável.;false;https://community.vortal.biz/Public/public-tender-documents/UXBBNFlJY1pKWGtJMGthTVV6ZHloM01md0lNR1VNR2gxdlVQZ1IwcEYxQUNkdmhsZzhsRDF2Q25GaGdmMTVvNEpxL0R0Y2tFSEpUNVlvU2Y3RmhJYXc9PUlZamcy;false;;;"Código dos Contratos Públicos (DL111-B/2017) e Lei n.º 30/2021, de 21.05";false;false;
AQS/CPU/011/26 Aquisição de produtos alimentares frescos e congelados para ações de formação - Fornecimento continuado até dezembro de 2026;Concurso público;Aquisição de bens móveis;03311000-2;Principal;Peixes;14441.55 € ;Centro de Formação Profissional para o Sector Alimentar (506024717);"SaborFrio, Unipessoal Lda (508682002)";"14.441,55 €";01-04-2026;31-03-2026;274 dias;"Portugal, Lisboa, Odivelas";"Artigo 20.º, n.º 1, alínea b) do Código dos Contratos Públicos";;;;;;;Não aplicável.;Não aplicável.;false;https://www.compraspt.com/cpt-cfpsa/faces/app/acessoDocs.jsp?codigoAcesso=Lt99Xn3yM65Y6lFDGrPwfx8oJonYEBzA7jNHf66HjbsSx1vRqD;false;;;"Código dos Contratos Públicos (DL111-B/2017) e Lei n.º 30/2021, de 21.05";false;false;
AQUISIÇÃO DE MATERIAL DE TRAUMATOLOGIA;Concurso público;Aquisição de bens móveis;33183200-8;Principal;Próteses ortopédicas;32900.0 € ;Santa Casa da Misericórdia de Lisboa (500745471);JOHNSON & JOHNSON LDA (500153370);"32.900,00 €";01-04-2026;31-03-2026;731 dias;"Portugal, Lisboa, Cascais";"Artigo 20.º, n.º 1, alínea a) do Código dos Contratos Públicos";;;;;;;Não aplicável.;Não aplicável.;false;https://www.acingov.pt/acingovprod/2/zonaPublica/zona_publica_c/donwloadProcedurePiece/OTk2MDQ2;false;;;"Código dos Contratos Públicos (DL111-B/2017) e Lei n.º 30/2021, de 21.05";false;false;
Concurso Público n.º24/2025  Aquisição de equipamento informático no âmbito do Projeto INOV3P para o Instituto Politécnico de Viseu;Concurso público;Aquisição de bens móveis;30236000-2;Principal;Equipamento informático diverso;18319.0 € ;Instituto Politécnico de Viseu (680033548);"Linkcom - Sistemas de Informacao, SA (505046547)";"18.319,00 €";01-04-2026;23-03-2026;30 dias;"Portugal, Viseu, Viseu";"Artigo 20.º, n.º 1, alínea b) do Código dos Contratos Públicos";;;;;;;Não aplicável.;Não aplicável.;false;https://www.acingov.pt/acingovprod/2/zonaPublica/zona_publica_c/donwloadProcedurePiece/MTAwNDE0Nw;false;;;"Código dos Contratos Públicos (DL111-B/2017) e Lei n.º 30/2021, de 21.05";false;false;
0200083.232026 - Aquisição de Material de Consumo Clinico de Manutenção a Cateteres Venosos Centrais;Concurso público;Aquisição de bens móveis;33141000-0;Principal;Material médico não químico descartável e produtos hematológicos;93000.0 € ;"Unidade Local de Saúde de Entre o Douro e Vouga, EPE (508878462)";PMH PRODUTOS MEDICO HOSPITALARES SA (502376899);"93.000,00 €";01-04-2026;12-03-2026;365 dias;"Portugal, Aveiro, Santa Maria da Feira";"Artigo 20.º, n.º 1, alínea b) do Código dos Contratos Públicos";;;;;;;Não aplicável.;Não aplicável.;false;https://community.vortal.biz/Public/public-tender-documents/a0UvdWNPSkxmRjdoOEJyeHRWWkVYdzU3V3cyOU94anM0OHRtbjQzSkVQODhWM3ZzcDdYZmlsRHlVc0xOR1dQaEZ3eHh6RGRGMVV3aU9CU1lJQjlZL0E9PXRoXihm;false;;;"Código dos Contratos Públicos (DL111-B/2017) e Lei n.º 30/2021, de 21.05";false;false;
Aquisição de Material para UCI;Concurso público;Aquisição de bens móveis;33140000-3;Principal;Material médico de consumo;23979.2 € ;"Unidade Local de Saúde do Algarve, EPE (510745997)";"Aviquímica – Importações e Manufacturas, Lda. (500039720)";"23.979,20 €";01-04-2026;17-03-2026;365 dias;"Portugal, Faro, Faro<BR/>Portugal, Faro, Portimão";"Artigo 20.º, n.º 1, alínea a) do Código dos Contratos Públicos";;;;;;;Não aplicável.;Não aplicável.;false;https://community.vortal.biz/Public/public-tender-documents/UXBBNFlJY1pKWGtJMGthTVV6ZHloM01md0lNR1VNR2gxdlVQZ1IwcEYxQUNkdmhsZzhsRDF2Q25GaGdmMTVvNEpxL0R0Y2tFSEpUNVlvU2Y3RmhJYXc9PUlZamcy;false;;;"Código dos Contratos Públicos (DL111-B/2017) e Lei n.º 30/2021, de 21.05";false;false;
AQUISIÇÃO DE MATERIAL DE TRAUMATOLOGIA;Concurso público;Aquisição de bens móveis;33183200-8;Principal;Próteses ortopédicas;778481.0 € ;Santa Casa da Misericórdia de Lisboa (500745471);JOHNSON & JOHNSON LDA (500153370);"778.481,00 €";01-04-2026;31-03-2026;731 dias;"Portugal, Lisboa, Cascais";"Artigo 20.º, n.º 1, alínea a) do Código dos Contratos Públicos";;;;;;;Não aplicável.;Não aplicável.;false;https://www.acingov.pt/acingovprod/2/zonaPublica/zona_publica_c/donwloadProcedurePiece/OTk2MDQ2;false;;;"Código dos Contratos Públicos (DL111-B/2017) e Lei n.º 30/2021, de 21.05";false;false;
0200083.232026 - Aquisição de Material de Consumo Clinico de Manutenção a Cateteres Venosos Centrais;Concurso público;Aquisição de bens móveis;33141000-0;Principal;Material médico não químico descartável e produtos hematológicos;12510.0 € ;"Unidade Local de Saúde de Entre o Douro e Vouga, EPE (508878462)";"Aviquímica – Importações e Manufacturas, Lda. (500039720)";"12.510,00 €";01-04-2026;12-03-2026;1095 dias;"Portugal, Aveiro, Santa Maria da Feira";"Artigo 20.º, n.º 1, alínea b) do Código dos Contratos Públicos";;;;;;;Não aplicável.;Não aplicável.;false;https://community.vortal.biz/Public/public-tender-documents/a0UvdWNPSkxmRjdoOEJyeHRWWkVYdzU3V3cyOU94anM0OHRtbjQzSkVQODhWM3ZzcDdYZmlsRHlVc0xOR1dQaEZ3eHh6RGRGMVV3aU9CU1lJQjlZL0E9PXRoXihm;false;;;"Código dos Contratos Públicos (DL111-B/2017) e Lei n.º 30/2021, de 21.05";false;false;
CONCURSO PÚBLICO ÚRGENTE PARA A AQUISIÇÃO DE BULKHEAD P/N 557697 E REAR SPINNER P/N 553569;Concurso público;Aquisição de bens móveis;34731000-0;Principal;Peças para aeronaves;113320.0 € ;Estado Maior da Força Aérea (600010686);HONOS - Sociedade comercial de Importação e Exportação Lda (500792208);"113.320,00 €";01-04-2026;23-03-2026;775 dias;"Portugal, Beja, Beja<BR/>Portugal, Beja, Beja";Artigo 155.º do Código dos Contratos Públicos;;;;;;;Não aplicável.;Não aplicável.;false;https://www.acingov.pt/acingovprod/2/zonaPublica/zona_publica_c/donwloadProcedurePiece/MTA2NjE3MA;false;;;"Código dos Contratos Públicos (DL111-B/2017) e Lei n.º 30/2021, de 21.05";false;false;
0200083.232026 - Aquisição de Material de Consumo Clinico de Manutenção a Cateteres Venosos Centrais;Concurso público;Aquisição de bens móveis;33141000-0;Principal;Material médico não químico descartável e produtos hematológicos;12600.0 € ;"Unidade Local de Saúde de Entre o Douro e Vouga, EPE (508878462)";3M ESPANHA SUCURSAL PORTUGAL (980560241);"12.600,00 €";01-04-2026;12-03-2026;365 dias;"Portugal, Aveiro, Santa Maria da Feira";"Artigo 20.º, n.º 1, alínea b) do Código dos Contratos Públicos";;;;;;;Não aplicável.;Não aplicável.;false;https://community.vortal.biz/Public/public-tender-documents/a0UvdWNPSkxmRjdoOEJyeHRWWkVYdzU3V3cyOU94anM0OHRtbjQzSkVQODhWM3ZzcDdYZmlsRHlVc0xOR1dQaEZ3eHh6RGRGMVV3aU9CU1lJQjlZL0E9PXRoXihm;false;;;"Código dos Contratos Públicos (DL111-B/2017) e Lei n.º 30/2021, de 21.05";false;false;
"Aquisição de Eletrobisturi, Cabos e Sondas para Eletrofisiologia";Concurso público;Aquisição de bens móveis;33140000-3;Principal;Material médico de consumo;122500.0 € ;"Unidade Local de Saúde de Lisboa Ocidental, EPE (507618319)";"MEDTRONIC PORTUGAL, UNIPESSOAL,  LDA. (504223933)";"122.500,00 €";01-04-2026;26-03-2026;365 dias;"Portugal, Lisboa, Lisboa";"Artigo 20.º, n.º 1, alínea a) do Código dos Contratos Públicos";;;;;;;Não aplicável.;Não aplicável.;false;https://community.vortal.biz/Public/public-tender-documents/VW4zMGRobWRucmVPek1saUQ0NCtrQ2dTOFNLWStLbjFvekNHa2lCSnVrMStTaUVLKzdHNEJXYjVXM0FxRzNxWGhtTTRHSDBHT0tnaThBb2xEaWYwK1E9PThHK2Za;false;;;"Código dos Contratos Públicos (DL111-B/2017) e Lei n.º 30/2021, de 21.05";false;false;
0200083.232026 - Aquisição de Material de Consumo Clinico de Manutenção a Cateteres Venosos Centrais;Concurso público;Aquisição de bens móveis;33141000-0;Principal;Material médico não químico descartável e produtos hematológicos;73800.0 € ;"Unidade Local de Saúde de Entre o Douro e Vouga, EPE (508878462)";"BECTON DICKINSON PORTUGAL, UNIPESSOAL, LDA (514239743)";"73.800,00 €";01-04-2026;12-03-2026;1095 dias;"Portugal, Aveiro, Santa Maria da Feira";"Artigo 20.º, n.º 1, alínea b) do Código dos Contratos Públicos";;;;;;;Não aplicável.;Não aplicável.;false;https://community.vortal.biz/Public/public-tender-documents/a0UvdWNPSkxmRjdoOEJyeHRWWkVYdzU3V3cyOU94anM0OHRtbjQzSkVQODhWM3ZzcDdYZmlsRHlVc0xOR1dQaEZ3eHh6RGRGMVV3aU9CU1lJQjlZL0E9PXRoXihm;false;;;"Código dos Contratos Públicos (DL111-B/2017) e Lei n.º 30/2021, de 21.05";false;false;
Prestação de Serviços de Meios Complementares de Diagnóstico e Terapêutica - Medicina Física e Reabilitação;Concurso público;Aquisição de serviços;85142100-7;Principal;Serviços de fisioterapia;53000.0 € ;"Unidade Local de Saúde da Região de Leiria, E. P. E. (509822932)";CEPOMEL Lda (501096132);"53.000,00 €";01-04-2026;06-12-2024;365 dias;"Portugal, Leiria, Leiria";"Artigo 20.º, n.º 1, alínea b) do Código dos Contratos Públicos";;;;;;;Não aplicável.;Não aplicável.;false;https://community.vortal.biz/Public/contract-notice-view/PT1.NTC.2962849/;false;;;"Código dos Contratos Públicos (DL111-B/2017) e Lei n.º 30/2021, de 21.05";false;false;
Veículo pesado do tipo pronto-socorro.;Concurso público;Aquisição de bens móveis;34140000-0;Principal;Veículos a motor pesados;71400.0 € ;Município do Porto (501306099);"MOTORPOR - COMÉRCIO DE AUTOMÓVEIS, S.A. (501135022)";"71.400,00 €";01-04-2026;20-03-2026;240 dias;"Portugal, Porto, Porto";"Artigo 20.º, n.º 1, alínea b) do Código dos Contratos Públicos";;;;;;;Não aplicável.;Não aplicável.;false;https://www.acingov.pt/acingovprod/2/zonaPublica/zona_publica_c/donwloadProcedurePiece/MTAwMDI0OA;false;;;"Código dos Contratos Públicos (DL111-B/2017) e Lei n.º 30/2021, de 21.05";false;false;
"Aquisição de Eletrobisturi, Cabos e Sondas para Eletrofisiologia";Concurso público;Aquisição de bens móveis;33140000-3;Principal;Material médico de consumo;19560.0 € ;"Unidade Local de Saúde de Lisboa Ocidental, EPE (507618319)";"ABBOTT MEDICAL PORTUGAL - DIST. PROD. MÉD., LDA. (504180746)";"19.560,00 €";01-04-2026;30-03-2026;365 dias;"Portugal, Lisboa, Lisboa";"Artigo 20.º, n.º 1, alínea a) do Código dos Contratos Públicos";;;;;;;Não aplicável.;Não aplicável.;false;https://community.vortal.biz/Public/public-tender-documents/VW4zMGRobWRucmVPek1saUQ0NCtrQ2dTOFNLWStLbjFvekNHa2lCSnVrMStTaUVLKzdHNEJXYjVXM0FxRzNxWGhtTTRHSDBHT0tnaThBb2xEaWYwK1E9PThHK2Za;false;;;"Código dos Contratos Públicos (DL111-B/2017) e Lei n.º 30/2021, de 21.05";false;false;
Serviços de Gestão Global de Resíduos Hospitalares - 2026;Concurso público;Aquisição de serviços;90524200-8;Principal;Serviços de eliminação de resíduos hospitalares;405501.34 € ;"Unidade Local de Saúde do Alto Minho, EPE (508786193)";ambimed (503593427);"405.501,34 €";01-04-2026;26-02-2026;334 dias;"Portugal, Viana do Castelo, Viana do Castelo";"Artigo 20.º, n.º 1, alínea a) do Código dos Contratos Públicos";;;;;;;Não aplicável.;Não aplicável.;false;https://community.vortal.biz/Public/public-tender-documents/Yi84STFhSmpqODA5NFJsNCtXb2dYNmtiMFJFZC83Si9NYzBITEhQczhMK3pIdXV4eG8rUjV6QnRROExhM1I3N2RPTXJiM3lMSy96WmhXbjUzSk9QaEE9PWRPYkEh;false;;;"Código dos Contratos Públicos (DL111-B/2017) e Lei n.º 30/2021, de 21.05";false;false;
Aquisição de Material para UCI;Concurso público;Aquisição de bens móveis;33140000-3;Principal;Material médico de consumo;2816.8 € ;"Unidade Local de Saúde do Algarve, EPE (510745997)";TELEFLEX MEDICAL SA (980249783);"2.816,80 €";01-04-2026;04-03-2026;365 dias;"Portugal, Faro, Portimão<BR/>Portugal, Faro, Faro";"Artigo 20.º, n.º 1, alínea a) do Código dos Contratos Públicos";;;;;;;Não aplicável.;Não aplicável.;false;https://community.vortal.biz/Public/public-tender-documents/UXBBNFlJY1pKWGtJMGthTVV6ZHloM01md0lNR1VNR2gxdlVQZ1IwcEYxQUNkdmhsZzhsRDF2Q25GaGdmMTVvNEpxL0R0Y2tFSEpUNVlvU2Y3RmhJYXc9PUlZamcy;false;;;"Código dos Contratos Públicos (DL111-B/2017) e Lei n.º 30/2021, de 21.05";false;false;
CP 08-2026 Aquisição de reagentes para a Área das Doenças Crónicas ;Concurso público;Aquisição de bens móveis;33696500-0;Principal;Reagentes de laboratório;5209.92 € ;"Instituto Nacional de Saúde Doutor Ricardo Jorge, IP (501427511)";"MENARINI DIAGNÓSTICOS - Material de Laboratório, LDA. (502610069)";"5.209,92 €";01-04-2026;31-03-2026;306 dias;"Portugal, Lisboa, Lisboa";"Artigo 20.º, n.º 1, alínea b) do Código dos Contratos Públicos";;;;;;;Não aplicável.;Não aplicável.;false;https://www.acingov.pt/acingovprod/2/zonaPublica/zona_publica_c/donwloadProcedurePiece/MTA2MDE5OQ;false;;;"Código dos Contratos Públicos (DL111-B/2017) e Lei n.º 30/2021, de 21.05";false;false;
Empreitadas de Obra Pública para a realização de trabalhos de sinalização e balizamento em projetos de mobilidade;Concurso público;Empreitadas de obras públicas;45233000-9;Principal;"Construção, fundação e pavimentação de vias rápidas e estradas";250722.0 € ;"EMEL - Empresa Municipal de Mobilidade e Estacionamento de Lisboa, EM, SA (503311332)";"VIAMARCA - PINTURAS DE VIAS RODOVIÁRIAS, S.A. (503397490)";"250.722,00 €";01-04-2026;25-03-2026;1095 dias;Portugal;"Artigo 19.º, alínea b) do Código dos Contratos Públicos";;;;;;;Não aplicável.;Não aplicável.;false;https://www.acingov.pt/acingovprod/2/zonaPublica/zona_publica_c/donwloadProcedurePiece/OTkwOTEw;false;;;"Código dos Contratos Públicos (DL111-B/2017) e Lei n.º 30/2021, de 21.05";false;false;
"Aquisição de Eletrobisturi, Cabos e Sondas para Eletrofisiologia";Concurso público;Aquisição de bens móveis;33140000-3;Principal;Material médico de consumo;551725.0 € ;"Unidade Local de Saúde de Lisboa Ocidental, EPE (507618319)";JOHNSON & JOHNSON LDA (500153370);"551.725,00 €";01-04-2026;30-03-2026;365 dias;"Portugal, Lisboa, Lisboa";"Artigo 20.º, n.º 1, alínea a) do Código dos Contratos Públicos";;;;;;;Não aplicável.;Não aplicável.;false;https://community.vortal.biz/Public/public-tender-documents/VW4zMGRobWRucmVPek1saUQ0NCtrQ2dTOFNLWStLbjFvekNHa2lCSnVrMStTaUVLKzdHNEJXYjVXM0FxRzNxWGhtTTRHSDBHT0tnaThBb2xEaWYwK1E9PThHK2Za;false;;;"Código dos Contratos Públicos (DL111-B/2017) e Lei n.º 30/2021, de 21.05";false;false;
PROCEDIMENTO Nº89/2026 - AQUISIÇÃO DE SERVIÇOS TÉCNICOS ESPECIALIZADOS PARA PROGRAMA DE ATIVIDADES PARA CRIANÇAS COM NECESSIDADES DE SAÚDE ESPECIAIS - INVESTIMENTO MAIA PMPSE AMP2030 - PROGRAMA METROPOLITANO DE PROMOÇÃO DO SUCESSO EDUCATIVO - STEAM MAIA;Concurso público;Aquisição de serviços;80340000-9;Principal;Serviços de ensino especial;7040.0 € ;Município da Maia (505387131);AEPM - Associação Equiterapêutica do Porto e Matosinhos (509341969);"7.040,00 €";01-04-2026;30-03-2026;183 dias;Portugal;"Artigo 20.º, n.º 1, alínea b) do Código dos Contratos Públicos";;;;;;;Não aplicável.;Não aplicável.;false;https://www.acingov.pt/acingovprod/2/zonaPublica/zona_publica_c/donwloadProcedurePiece/MTA1OTc4Mw;false;;;"Código dos Contratos Públicos (DL111-B/2017) e Lei n.º 30/2021, de 21.05";false;false;
Aquisição de Retroescavadora;Concurso público;Aquisição de bens móveis;43251000-7;Principal;Pás carregadoras com retroescavadora;89740.0 € ;Município das Caldas da Rainha (501222634);"ENTREPOSTO MÁQUINAS - Comércio de Equipamento Agrícola e Industrial, SA (501439099)";"89.740,00 €";01-04-2026;31-03-2026;180 dias;"Portugal, Leiria, Caldas da Rainha";"Artigo 20.º, n.º 1, alínea b) do Código dos Contratos Públicos";;;;;;;Não aplicável.;Não aplicável.;false;https://community.vortal.biz/Public/public-tender-documents/YVNGU1dGZURMTzluU3hldGFXYzRqckZtV1VDM0dSV2QrTlF3Y0lqenlETW03c2JKMzFmR3VSUFhWOTRMOGwwWWx5L0VFRDRndnltVER2RDhoekdWSWc9PSpnRGJK;false;;;"Código dos Contratos Públicos (DL111-B/2017) e Lei n.º 30/2021, de 21.05";false;false;
PROCEDIMENTO Nº89/2026 - AQUISIÇÃO DE SERVIÇOS TÉCNICOS ESPECIALIZADOS PARA PROGRAMA DE ATIVIDADES PARA CRIANÇAS COM NECESSIDADES DE SAÚDE ESPECIAIS - INVESTIMENTO MAIA PMPSE AMP2030 - PROGRAMA METROPOLITANO DE PROMOÇÃO DO SUCESSO EDUCATIVO - STEAM MAIA;Concurso público;Aquisição de serviços;80340000-9;Principal;Serviços de ensino especial;7040.0 € ;Município da Maia (505387131);AEPM - Associação Equiterapêutica do Porto e Matosinhos (509341969);"7.040,00 €";01-04-2026;30-03-2026;183 dias;Portugal;"Artigo 20.º, n.º 1, alínea b) do Código dos Contratos Públicos";;;;;;;Não aplicável.;Não aplicável.;false;https://www.acingov.pt/acingovprod/2/zonaPublica/zona_publica_c/donwloadProcedurePiece/MTA1OTc4Mw;false;;;"Código dos Contratos Públicos (DL111-B/2017) e Lei n.º 30/2021, de 21.05";false;false;
AQUISIÇÃO DE OXIGÉNIO E AZOTO LÍQUIDOS NO PERÍODO DE 01JUL26 A 30JUN28;Concurso público;Aquisição de bens móveis;24111000-5;Principal;"Hidrogénio, árgon, gases raros, azoto e oxigénio";65893.7 € ;Estado Maior da Força Aérea (600010686);SOCIEDADE PORTUGUESA DO AR LÍQUIDO  (500261512);"65.893,70 €";01-04-2026;31-03-2026;731 dias;Portugal;"Artigo 20.º, n.º 1, alínea b) do Código dos Contratos Públicos";;;;;;;Não aplicável.;Não aplicável.;false;https://www.acingov.pt/acingovprod/2/zonaPublica/zona_publica_c/donwloadProcedurePiece/MTA1NjY0Mw;false;;;"Código dos Contratos Públicos (DL111-B/2017) e Lei n.º 30/2021, de 21.05";false;false;
"Proc: CPI/1712/2025 - Aquisição de Licenciamento Microsoft Azure Monetary Commitment e Suporte, para a Secretaria-Geral do Governo";Concurso público;Aquisição de bens móveis;48000000-8;Principal;Pacotes de software e sistemas de informação;272997.0 € ;Secretaria-Geral do Governo (600088103);"INETUM ESPAÑA, S.A. - Sucursal em Portugal (980079659)";"272.997,00 €";01-04-2026;31-03-2026;122 dias;"Portugal, Lisboa";"Artigo 20.º, n.º 1, alínea a) do Código dos Contratos Públicos";;;;;;;Não aplicável.;Não aplicável.;false;https://www.acingov.pt/acingovprod/2/zonaPublica/zona_publica_c/donwloadProcedurePiece/MTAzNTkzOA;false;;;"Código dos Contratos Públicos (DL111-B/2017) e Lei n.º 30/2021, de 21.05";false;false;
CT-25/01533 - Substituição da Iluminação dos telheiros exteriores e revisão de quadros elétricos da Escola EB23 António Sérgio;Concurso público;Aquisição de serviços;51110000-6;Principal;Serviços de instalação de equipamento eléctrico;17289.5 € ;Município de Sintra (500051062);"Cortinhal @ Cruz, Lda. (516295683)";"17.289,50 €";01-04-2026;25-03-2026;281 dias;"Portugal, Lisboa, Sintra";"Artigo 20.º, n.º 1, alínea b) do Código dos Contratos Públicos";;;;;;;Não aplicável.;Não aplicável.;false;https://community.vortal.biz/Public/public-tender-documents/Qlkza1pKa1RqMVl2US91cWVDcER0cTM3aTkxQmFEME40TmlJU2pjSGdhUk9HOEYybGt2UnZNZHYwU29lMXUvRWZoTDI3VmprcnN6OGZMQ2puVExkZkE9PSVXZmhF;false;;;"Código dos Contratos Públicos (DL111-B/2017) e Lei n.º 30/2021, de 21.05";false;false;
Aquisição Serviços de Recolha e Tratamento dos Resíduos Hospitalares não Perigosos Classificados como Grupo I e II;Concurso público;Aquisição de serviços;90524100-7;Principal;Serviços de recolha de resíduos hospitalares;828000.0 € ;"Unidade Local de Saúde de São João, EPE (509821197)";Ecoambiente - Serviços e Meio Ambiente S.A. (502877472);"828.000,00 €";01-04-2026;31-03-2026;1096 dias;"Portugal, Porto, Porto";"Artigo 20.º, n.º 1, alínea a) do Código dos Contratos Públicos";;;;;;;Não aplicável.;Não aplicável.;false;https://community.vortal.biz/Public/public-tender-documents/elpjR1ViNlRpL2V3aW1hUnRrVFZWU1FWTkZwTXpYVDM4ZEVhQVlBclBjOGM1RE05STFYK3dqYlRhTUpGbDVLazVqNHhkallRQTFETXo3Z0JVajVzMEE9PWclQiVU;false;;;"Código dos Contratos Públicos (DL111-B/2017) e Lei n.º 30/2021, de 21.05";false;false;
"Aquisição de herbáceas, arbustos e árvores para manutenção e requalificação dos espaços verdes do Município.";Concurso público;Aquisição de bens móveis;03451300-9;Principal;Arbustos;25765.0 € ;Câmara Municipal de Felgueiras (501091823);Planta Livre (507618173);"25.765,00 €";01-04-2026;30-03-2026;365 dias;Portugal;"Artigo 20.º, n.º 1, alínea b) do Código dos Contratos Públicos";;;;;;;Não aplicável.;Não aplicável.;false;https://www.acingov.pt/acingovprod/2/zonaPublica/zona_publica_c/donwloadProcedurePiece/MTA1NzY4MQ;false;;;"Código dos Contratos Públicos (DL111-B/2017) e Lei n.º 30/2021, de 21.05";false;false;
"Aquisição de herbáceas, arbustos e árvores para manutenção e requalificação dos espaços verdes do Município.";Concurso público;Aquisição de bens móveis;03451000-6;Principal;Plantas;40490.0 € ;Câmara Municipal de Felgueiras (501091823);"Oásis Plantas - Mendes & Filhos, Lda (514030321)";"40.490,00 €";01-04-2026;30-03-2026;365 dias;Portugal;"Artigo 20.º, n.º 1, alínea b) do Código dos Contratos Públicos";;;;;;;Não aplicável.;Não aplicável.;false;https://www.acingov.pt/acingovprod/2/zonaPublica/zona_publica_c/donwloadProcedurePiece/MTA1NzY4MQ;false;;;"Código dos Contratos Públicos (DL111-B/2017) e Lei n.º 30/2021, de 21.05";false;false;
"L. ALGARVE - PARQUE DE ESTACIONAMENTO DE TAVIRA, DEMOLIÇÃO DO BAR E CONSTRUÇÃO DE QUIOSQUE";Concurso público;Empreitadas de obras públicas;45234120-3;Principal;Obras relacionadas com vias férreas urbanas;389937.84 € ;"Infraestruturas de Portugal, SA (503933813)";"Rolear.On - Soluções de Engenharia, S.A. (501408304)";"389.937,84 €";01-04-2026;26-03-2026;120 dias;"Portugal, Faro, Tavira";"Artigo 19.º, alínea b) do Código dos Contratos Públicos";;;;;;;Não aplicável.;Não aplicável.;false;https://www.anogov.com/infraestruturasdeportugal-ip/faces/app/acessoDocs.jsp?codigoAcesso=aQCQEbcbAk4asxZZ5ZJsz5Sgmbjl5DetGMeNC4ZxFAzeMtY6vz;false;;;Código dos Contratos Públicos ( DL 111-B/2017 );false;false;
Valorização do Espaço Público  Construção de Estacionamento  Rua da Devesa  Arca e Ponte de Lima;Concurso público;Empreitadas de obras públicas;45432110-8;Principal;Obras de pavimentação;43650.86 € ;Município de Ponte de Lima (506811913);"INOVLIMA ENGENHARIA & CONSTRUCAO, LDA (507263731)";"43.650,86 €";01-04-2026;30-03-2026;120 dias;"Portugal, Viana do Castelo, Ponte de Lima";"Artigo 19.º, alínea b) do Código dos Contratos Públicos";;;;;;;Não aplicável.;Não aplicável.;false;https://www.acingov.pt/acingovprod/2/zonaPublica/zona_publica_c/donwloadProcedurePiece/MTAwODc2NQ;false;;;"Código dos Contratos Públicos (DL111-B/2017) e Lei n.º 30/2021, de 21.05";false;false;
AQUISIÇÃO DE MEDALHAS MILITARES;Concurso público;Aquisição de bens móveis;18512200-3;Principal;Medalhas;20930.0 € ;Estado Maior da Força Aérea (600010686);Dinisa (501905103);"20.930,00 €";01-04-2026;25-03-2026;365 dias;"Portugal, Lisboa, Amadora<BR/>Portugal, Lisboa, Amadora";"Artigo 20.º, n.º 1, alínea b) do Código dos Contratos Públicos";;;;;;;Não aplicável.;Não aplicável.;false;https://www.acingov.pt/acingovprod/2/zonaPublica/zona_publica_c/donwloadProcedurePiece/MTAwMDgxMw;false;;;"Código dos Contratos Públicos (DL111-B/2017) e Lei n.º 30/2021, de 21.05";false;false;
Aquisição de  Cateteres de Mapeamento Tridimensional para Eletrofisiologia ;Concurso público;Aquisição de bens móveis;33140000-3;Principal;Material médico de consumo;592000.0 € ;"Unidade Local de Saúde de Lisboa Ocidental, E. P. E. (507618319)";JOHNSON & JOHNSON LDA (500153370);"592.000,00 €";01-04-2026;24-03-2026;365 dias;"Portugal, Lisboa, Lisboa";"Artigo 20.º, n.º 1, alínea a) do Código dos Contratos Públicos";;;;;;;Não aplicável.;Não aplicável.;false;https://community.vortal.biz/Public/public-tender-documents/ZTMrZkRJQndnZVBmTnhaUzkrZ085MTZCSGVlcFlPRHFHSGQ0Q0p0S2NjSUNXVzUxWXRDMHhxMzhqWTVoWE12Q0FDTmNvRlBqeFFOaFVQbW5abUxHMlE9PUl2WFdO;false;;;"Código dos Contratos Públicos (DL111-B/2017) e Lei n.º 30/2021, de 21.05";false;false;
AQUISIÇÃO DE SERVIÇOS (Manutenção relvados naturais);Concurso público;Aquisição de serviços;77320000-9;Principal;Serviços de manutenção de campos de desporto;57648.44 € ;Município de Amarante (501102752);"MOTA-ENGIL ATIV - GESTÃO E MANUTENÇÃO DE ATIVOS, S.A. (503171565)";"57.648,44 €";01-04-2026;31-03-2026;275 dias;Portugal<BR/>Portugal;"Artigo 20.º, n.º 1, alínea b) do Código dos Contratos Públicos";;;;;;;Não aplicável.;Não aplicável.;false;https://www.acingov.pt/acingovprod/2/zonaPublica/zona_publica_c/donwloadProcedurePiece/MTA1OTk2NQ;false;;;"Código dos Contratos Públicos (DL111-B/2017) e Lei n.º 30/2021, de 21.05";false;false;
AQUISIÇÃO DE MEDALHAS MILITARES;Concurso público;Aquisição de bens móveis;18512200-3;Principal;Medalhas;34930.0 € ;Estado Maior da Força Aérea (600010686);"Casa das Condecorações Helder Cunha , Lda (501449345)";"34.930,00 €";01-04-2026;13-03-2026;365 dias;"Portugal, Lisboa, Amadora";"Artigo 20.º, n.º 1, alínea b) do Código dos Contratos Públicos";;;;;;;Não aplicável.;Não aplicável.;false;https://www.acingov.pt/acingovprod/2/zonaPublica/zona_publica_c/donwloadProcedurePiece/MTAwMDgxMw;false;;;"Código dos Contratos Públicos (DL111-B/2017) e Lei n.º 30/2021, de 21.05";false;false;
Infraestruturas elétricas e aumento de potência;Concurso público;Empreitadas de obras públicas;45310000-3;Principal;Obras de instalação eléctrica;63585.6 € ;Artenave Atelier - Associação de Solidariedade (503575615);ELECTROJARM LDA (509751555);"63.585,60 €";01-04-2026;31-03-2026;101 dias;"Portugal, Viseu, Moimenta da Beira";"Artigo 19.º, alínea b) do Código dos Contratos Públicos";;;;;;;Não aplicável.;Não aplicável.;false;https://www.acingov.pt/acingovprod/2/zonaPublica/zona_publica_c/donwloadProcedurePiece/MTA2NTUzNA;false;;;"Código dos Contratos Públicos (DL111-B/2017) e Lei n.º 30/2021, de 21.05";false;false;
AQS/CPU/011/26 Aquisição de produtos alimentares frescos e congelados para ações de formação - Fornecimento continuado até dezembro de 2026;Concurso público;Aquisição de bens móveis;03311210-7;Principal;Bacalhau;10180.0 € ;Centro de Formação Profissional para o Sector Alimentar (506024717);"Quadragel-Comércio de Produtos Congelados, Lda. (506627632)";"10.180,00 €";01-04-2026;31-03-2026;274 dias;"Portugal, Lisboa, Odivelas";"Artigo 20.º, n.º 1, alínea b) do Código dos Contratos Públicos";;;;;;;Não aplicável.;Não aplicável.;false;https://www.compraspt.com/cpt-cfpsa/faces/app/acessoDocs.jsp?codigoAcesso=Lt99Xn3yM65Y6lFDGrPwfx8oJonYEBzA7jNHf66HjbsSx1vRqD;false;;;"Código dos Contratos Públicos (DL111-B/2017) e Lei n.º 30/2021, de 21.05";false;false;
AQS/CPU/011/26 Aquisição de produtos alimentares frescos e congelados para ações de formação - Fornecimento continuado até dezembro de 2026;Concurso público;Aquisição de bens móveis;15220000-6;Principal;"Peixe, filetes de peixe e outras carnes de peixe, congelados";16169.15 € ;Centro de Formação Profissional para o Sector Alimentar (506024717);"Quadragel-Comércio de Produtos Congelados, Lda. (506627632)";"16.169,15 €";01-04-2026;31-03-2026;274 dias;"Portugal, Lisboa, Odivelas";"Artigo 20.º, n.º 1, alínea b) do Código dos Contratos Públicos";;;;;;;Não aplicável.;Não aplicável.;false;https://www.compraspt.com/cpt-cfpsa/faces/app/acessoDocs.jsp?codigoAcesso=Lt99Xn3yM65Y6lFDGrPwfx8oJonYEBzA7jNHf66HjbsSx1vRqD;false;;;"Código dos Contratos Públicos (DL111-B/2017) e Lei n.º 30/2021, de 21.05";false;false;
Prestação de Serviços de Receção e Tratamento de Resíduos Sólidos Urbanos do MARL;Concurso público;Aquisição de serviços;90510000-5;Principal;Tratamento e eliminação de resíduos;75000.0 € ;"MARL - Mercado Abastecedor da Região de Lisboa, SA (503157562)";Blueotter (514999713);"75.000,00 €";01-04-2026;31-03-2026;28 dias;"Portugal, Lisboa, Loures";Artigo 155.º do Código dos Contratos Públicos;;;;;;;Não aplicável.;Não aplicável.;false;https://www.compraspt.com/cpt-marl/faces/app/acessoDocs.jsp?codigoAcesso=A9yZPQVt4kfcWaC2iX01PktqwdnAUILwztedUo4CWG4FgZpSX2;false;;;"Código dos Contratos Públicos (DL111-B/2017) e Lei n.º 30/2021, de 21.05";false;false;
Aquisição de  Cateteres de Mapeamento Tridimensional para Eletrofisiologia ;Concurso público;Aquisição de bens móveis;33140000-3;Principal;Material médico de consumo;60000.0 € ;"Unidade Local de Saúde de Lisboa Ocidental, E. P. E. (507618319)";"BSC PORTUGAL, LDA. (504988964)";"60.000,00 €";01-04-2026;31-03-2026;365 dias;"Portugal, Lisboa, Lisboa";"Artigo 20.º, n.º 1, alínea a) do Código dos Contratos Públicos";;;;;;;Não aplicável.;Não aplicável.;false;https://community.vortal.biz/Public/public-tender-documents/ZTMrZkRJQndnZVBmTnhaUzkrZ085MTZCSGVlcFlPRHFHSGQ0Q0p0S2NjSUNXVzUxWXRDMHhxMzhqWTVoWE12Q0FDTmNvRlBqeFFOaFVQbW5abUxHMlE9PUl2WFdO;false;;;"Código dos Contratos Públicos (DL111-B/2017) e Lei n.º 30/2021, de 21.05";false;false;
Aquisição de  Cateteres de Mapeamento Tridimensional para Eletrofisiologia ;Concurso público;Aquisição de bens móveis;33140000-3;Principal;Material médico de consumo;8500.0 € ;"Unidade Local de Saúde de Lisboa Ocidental, E. P. E. (507618319)";"ABBOTT MEDICAL PORTUGAL - DIST. PROD. MÉD., LDA. (504180746)";"8.500,00 €";01-04-2026;05-03-2026;365 dias;"Portugal, Lisboa, Lisboa";"Artigo 20.º, n.º 1, alínea a) do Código dos Contratos Públicos";;;;;;;Não aplicável.;Não aplicável.;false;https://community.vortal.biz/Public/public-tender-documents/ZTMrZkRJQndnZVBmTnhaUzkrZ085MTZCSGVlcFlPRHFHSGQ0Q0p0S2NjSUNXVzUxWXRDMHhxMzhqWTVoWE12Q0FDTmNvRlBqeFFOaFVQbW5abUxHMlE9PUl2WFdO;false;;;"Código dos Contratos Públicos (DL111-B/2017) e Lei n.º 30/2021, de 21.05";false;false;
BS202615 - AQUISIÇÃO DE SERVIÇOS NA ÁREA DE SEGUROS;Concurso público;Aquisição de serviços;66510000-8;Principal;Serviços de seguros;148982.69 € ;Município de Vouzela (506770664);Caravela Companhia de Seguros SA (503640549);"148.982,69 €";01-04-2026;31-03-2026;365 dias;"Portugal, Viseu, Vouzela";"Artigo 20.º, n.º 1, alínea b) do Código dos Contratos Públicos";;;;;;;Não aplicável.;Não aplicável.;false;https://www.acingov.pt/acingovprod/2/zonaPublica/zona_publica_c/donwloadProcedurePiece/MTA2NTM2Mg;false;;;"Código dos Contratos Públicos (DL111-B/2017) e Lei n.º 30/2021, de 21.05";false;false;
142001426 Aquisição Mantas térmicas e Hipotermia plurianual 2026-2028;Concurso público;Aquisição de bens móveis;33140000-3;Principal;Material médico de consumo;15525.0 € ;"Unidade Local de Saúde de Lisboa Ocidental, EPE (507618319)";"MOLNLYCKE HEALTH CARE-Com.Prod. Hospitalares,Lda. (511101066)";"15.525,00 €";01-04-2026;31-03-2026;1096 dias;"Portugal, Lisboa, Lisboa";"Artigo 20.º, n.º 1, alínea b) do Código dos Contratos Públicos";;;;;;;Não aplicável.;Não aplicável.;false;https://community.vortal.biz/Public/public-tender-documents/aVN4MjYraVg1U1NiVnhqa3R6RXNFWWtUbzFwOW84QXorWmdpTGxYY0FqYUg5S1pBVklWWVQyUkxZMTZkZTBVeVRkV1pkT1lZUXdsMTEycndxYmdrOXc9PSYrKSs4;false;;;"Código dos Contratos Públicos (DL111-B/2017) e Lei n.º 30/2021, de 21.05";false;false;
142001426 Aquisição Mantas térmicas e Hipotermia plurianual 2026-2028;Concurso público;Aquisição de bens móveis;33140000-3;Principal;Material médico de consumo;44129.28 € ;"Unidade Local de Saúde de Lisboa Ocidental, EPE (507618319)";Lusopalex - Produtos de Saude Unipessoal Lda (503531588);"44.129,28 €";01-04-2026;31-03-2026;1096 dias;"Portugal, Lisboa, Lisboa";"Artigo 20.º, n.º 1, alínea b) do Código dos Contratos Públicos";;;;;;;Não aplicável.;Não aplicável.;false;https://community.vortal.biz/Public/public-tender-documents/aVN4MjYraVg1U1NiVnhqa3R6RXNFWWtUbzFwOW84QXorWmdpTGxYY0FqYUg5S1pBVklWWVQyUkxZMTZkZTBVeVRkV1pkT1lZUXdsMTEycndxYmdrOXc9PSYrKSs4;false;;;"Código dos Contratos Públicos (DL111-B/2017) e Lei n.º 30/2021, de 21.05";false;false;
142001426 Aquisição Mantas térmicas e Hipotermia plurianual 2026-2028;Concurso público;Aquisição de bens móveis;33140000-3;Principal;Material médico de consumo;68509.5 € ;"Unidade Local de Saúde de Lisboa Ocidental, EPE (507618319)";PMH PRODUTOS MEDICO HOSPITALARES SA (502376899);"68.509,50 €";01-04-2026;31-03-2026;1096 dias;"Portugal, Lisboa, Lisboa";"Artigo 20.º, n.º 1, alínea b) do Código dos Contratos Públicos";;;;;;;Não aplicável.;Não aplicável.;false;https://community.vortal.biz/Public/public-tender-documents/aVN4MjYraVg1U1NiVnhqa3R6RXNFWWtUbzFwOW84QXorWmdpTGxYY0FqYUg5S1pBVklWWVQyUkxZMTZkZTBVeVRkV1pkT1lZUXdsMTEycndxYmdrOXc9PSYrKSs4;false;;;"Código dos Contratos Públicos (DL111-B/2017) e Lei n.º 30/2021, de 21.05";false;false;
BAIRRO QUINTA DE SANTO ANTÓNIO: LOTE 1 - RUA DA FONTE FRESCA E LOTE 2 - RUA DOS SOBREIROS;Concurso público;Empreitadas de obras públicas;45453000-7;Principal;Obras de revisão e recuperação;3903147.34 € ;Município de Setúbal (501294104);"WIKIBUILD, S.A. (509723560)";"3.903.147,34 €";01-04-2026;18-03-2026;360 dias;"Portugal, Setúbal, Setúbal";"Artigo 19.º, alínea a) do Código dos Contratos Públicos";;;;;;;Não aplicável.;Não aplicável.;false;https://www.acingov.pt/acingovprod/2/zonaPublica/zona_publica_c/donwloadProcedurePiece/OTI5NDY4;false;;;"Código dos Contratos Públicos (DL111-B/2017) e Lei n.º 30/2021, de 21.05";false;false;
Aquisição e substituição de sistemas de climatização térmica para salas de formação e gabinetes;Concurso público;Aquisição de bens móveis;39717200-3;Principal;Aparelhos de ar condicionado;14651.08 € ;"Centro de Formação Profissional da Indústria Têxtil, Vestuário, Confecção e Lanifícios (MODATEX) (509906478)";"Openline Facility Services, S.A. (508622069)";"14.651,08 €";01-04-2026;31-03-2026;45 dias;"Portugal, Porto, Porto";"Artigo 20.º, n.º 1, alínea b) do Código dos Contratos Públicos";;;;;;;Não aplicável.;Não aplicável.;false;https://www.acingov.pt/acingovprod/2/zonaPublica/zona_publica_c/donwloadProcedurePiece/OTkyODMw;false;;;"Código dos Contratos Públicos (DL111-B/2017) e Lei n.º 30/2021, de 21.05";false;false;
Aquisição de serviços de limpeza e higiene para o Laboratório Regional de Veterinária;Concurso público;Aquisição de serviços;90911200-8;Principal;Serviços de limpeza de edifícios;31931.64 € ;Direção Regional da Agricultura (600085872);"Samsic - Facility Services, S.A. (504839748)";"31.931,64 €";01-04-2026;31-03-2026;275 dias;"Portugal, Região Autónoma dos Açores, Angra do Heroismo";"Artigo 20.º, alínea b) do Decreto Legislativo Regional n.º 27/2015/A, de 29.12";;;;;;;Não aplicável.;Não aplicável.;false;;false;;;"DLR n.º 27/2015/A, de 29.12";false;false;
Alteração de Acesso ao CS Viseu I - Extensão Silgueiros;Concurso público;Empreitadas de obras públicas;45223000-6;Principal;Construção de estruturas;15879.09 € ;Freguesia de Silgueiros (507153456);"ERGOVISA, LDA. (507511441)";"15.879,09 €";01-04-2026;14-10-2025;60 dias;"Portugal, Viseu, Viseu";"Artigo 19.º, alínea b) do Código dos Contratos Públicos";;;;;;;Não aplicável.;Não aplicável.;false;https://www.acingov.pt/acingovprod/2/zonaPublica/zona_publica_c/donwloadProcedurePiece/OTE4ODY3;false;;;"Código dos Contratos Públicos (DL111-B/2017) e Lei n.º 30/2021, de 21.05";false;false;
Aquisição de Cateteres;Concurso público;Aquisição de bens móveis;33141200-2;Principal;Cateteres;41595.71 € ;"Unidade Local de Saúde do Algarve, EPE (510745997)";"VYGON (PORTUGAL) - PRODUTOS MEDICOS E FARMACÊUTICOS, LIMITADA (503232785)";"41.595,71 €";01-04-2026;26-03-2026;365 dias;"Portugal, Faro, Portimão<BR/>Portugal, Faro, Faro";"Artigo 20.º, n.º 1, alínea a) do Código dos Contratos Públicos";;;;;;;Não aplicável.;Não aplicável.;false;https://community.vortal.biz/Public/public-tender-documents/RFk0M0VYWXhYb2hQMjNoS013cE5YeUZNSyttdDd4SjZrQ2wwWUtIQWpRTHFHNmc4MGZkT0VubnVIUHlGeHhKMXUzai9Yd2UzY0VqYUZ5ZzB3VmdacEE9PTkmNipo;false;;;"Código dos Contratos Públicos (DL111-B/2017) e Lei n.º 30/2021, de 21.05";false;false;
Aquisição e substituição de sistemas de climatização térmica para salas de formação e gabinetes;Concurso público;Aquisição de bens móveis;39717200-3;Principal;Aparelhos de ar condicionado;27431.14 € ;"Centro de Formação Profissional da Indústria Têxtil, Vestuário, Confecção e Lanifícios (MODATEX) (509906478)";"Santos da Cunha 4 Ass.-S:I de Gas,Lda (504469223)";"27.431,14 €";01-04-2026;31-03-2026;45 dias;"Portugal, Porto, Porto";"Artigo 20.º, n.º 1, alínea b) do Código dos Contratos Públicos";;;;;;;Não aplicável.;Não aplicável.;false;https://www.acingov.pt/acingovprod/2/zonaPublica/zona_publica_c/donwloadProcedurePiece/OTkyODMw;false;;;"Código dos Contratos Públicos (DL111-B/2017) e Lei n.º 30/2021, de 21.05";false;false;
Aquisição de bens e serviços de manutenção prevent. e corretiva parque geradores DGRM;Concurso público;Aquisição de bens móveis;31127000-2;Principal;Geradores de emergência;64636.17 € ;"Direção-Geral de Recursos Naturais, Segurança e Serviços Marítimos (600084973)";Turbomar Energia -Equip. Produção (500290946);"64.636,17 €";01-04-2026;31-03-2026;365 dias;Portugal;"Artigo 20.º, n.º 1, alínea b) do Código dos Contratos Públicos";;;;;;;Não aplicável.;Não aplicável.;false;https://www.anogov.com/op-dgrm/faces/app/acessoDocs.jsp?codigoAcesso=dhYMRq5U3C3EKuHrF3WgTDvF3vTcGTO9hPcz2VztzpxBPUHkP6;false;;;Código dos Contratos Públicos ( DL 111-B/2017 );false;false;
Aluguer de filmes para exibição de cinema no Auditório S. Mateus.;Concurso público;Aquisição de serviços;92130000-1;Principal;Serviços de projecção de filmes;13770.0 € ;Município de Elvas (501272968);Iniciativa Poética (516904876);"13.770,00 €";01-04-2026;31-03-2026;426 dias;"Portugal, Portalegre, Elvas";"Artigo 20.º, n.º 1, alínea b) do Código dos Contratos Públicos";;;;;;;Não aplicável.;Não aplicável.;false;https://community.vortal.biz/Public/public-tender-documents/NkMxdm11MmFvclNUVC9JaGs3aDZEaUZqOW9MOThmVnpCcFBteHBFMjJwS3ArYkpkTThURHRYN21OM1ZjZ2kxeTcrcE56NW1UVHdHc0pPK0V6UGZlWHc9PXViUlBz;false;;;"Código dos Contratos Públicos (DL111-B/2017) e Lei n.º 30/2021, de 21.05";false;false;
Serviços de Manutenção de 35 Polidesportivos em Espaço Público;Concurso público;Aquisição de serviços;50800000-3;Principal;Serviços de reparação e manutenção diversos;120275.0 € ;Município de Santa Maria da Feira (501157280);"Euroténis - Equipamentos Desportivos, Lda. (502112174)";"120.275,00 €";01-04-2026;27-03-2026;365 dias;"Portugal, Aveiro, Santa Maria da Feira";"Artigo 20.º, n.º 1, alínea b) do Código dos Contratos Públicos";;;;;;;Não aplicável.;Não aplicável.;false;https://www.anogov.com/cm-smfeira/faces/app/acessoDocs.jsp?codigoAcesso=4DMyjMgHoPZLDuup9c1IuE4BtTanUGtKVpCRZjjWTuoKXhDuqB;false;;;Código dos Contratos Públicos ( DL 111-B/2017 );false;false;
Reagentes de Citometria Fluxo (Hemato-Oncologia ) - 2026-2028;Concurso público;Aquisição de bens móveis;33696500-0;Principal;Reagentes de laboratório;215761.0 € ;"Unidade Local de Saúde da Arrábida, EPE (507606787)";enzifarma (503636975);"215.761,00 €";01-04-2026;03-02-2026;1096 dias;Portugal;"Artigo 20.º, n.º 1, alínea b) do Código dos Contratos Públicos";;;;;;;Não aplicável.;Não aplicável.;false;https://community.vortal.biz/Public/public-tender-documents/clc5YTEvTUNnNGJaZzVkLzM4RWYxdnNTMkVCSGNFSWFETEl0UDZwNmt4MktqTFFPMVdlY0J1cGI5U0hMcXBoMVNPYWFhT3FjTDZPVVNLeVRpTUdhSnc9PVJpNFhF;false;;;"Código dos Contratos Públicos (DL111-B/2017) e Lei n.º 30/2021, de 21.05";false;false;
2024_071CP - Celebração de Contratos de aluguer Operacional de Veículos Operacionais da Tipologia «Furgões» e «chassis-Cabine» e Serviços Associados para as empresas do Grupo Águas de Portugal.;Concurso público;Locação de bens móveis;34100000-8;Principal;Veículos a motor;134928.0 € ;"Águas de Santo André, SA (505600005)";"Leasys Mobility Portugal, S.A. (503188620)";"134.928,00 €";01-04-2026;18-12-2025;1461 dias;"Portugal, Setúbal, Santiago do Cacém";"Artigo 20.º, n.º 1, alínea a) do Código dos Contratos Públicos";;;;;;;Não aplicável.;Não aplicável.;true;https://www.acingov.pt/acingovprod/2/zonaPublica/zona_publica_c/donwloadProcedurePiece/OTAwMTc4;false;;;"Código dos Contratos Públicos (DL111-B/2017) e Lei n.º 30/2021, de 21.05";false;false;
"Empreitada de “Eficiência Energética em 4 Edifícios Municipais; Lote 1- Estádio Municipal do Crato; Lote 2 - Piscina Coberta do Crato; Lote 3 – Parque Aquático do Crato; Lote 4 – Edifício Sá Nogueira";Concurso público;Empreitadas de obras públicas;45453100-8;Principal;Obras de recuperação;202500.0 € ;Município do Crato (506659968);Smartwatt (508367360);"202.500,00 €";01-04-2026;18-02-2026;180 dias;"Portugal, Portalegre, Crato";"Artigo 19.º, alínea a) do Código dos Contratos Públicos";;;;;;;Não aplicável.;Não aplicável.;false;https://community.vortal.biz/Public/public-tender-documents/dEEwRGdBOFk5cEUxN2tQbWY3NkY4VEZmRzJwbTBaMVRQUjVndjgvcXNLNG1Pa2ZVT0hqNThVNmVJYnpSZmszK29Md3BRTHBwU3VQWnc0NXFmbTNOREE9PTBkVF9Q;false;;;"Código dos Contratos Públicos (DL111-B/2017) e Lei n.º 30/2021, de 21.05";false;false;
REABILITAÇÃO DA ANTIGA ESCOLA DE REBORDÕES - INFESTA ;Concurso público;Empreitadas de obras públicas;45453100-8;Principal;Obras de recuperação;80574.75 € ;Município de Celorico de Basto (506884929);"Granibasto - Granitos de Basto, S. A. (502169613)";"80.574,75 €";01-04-2026;30-03-2026;150 dias;"Portugal, Braga, Celorico de Basto";"Artigo 19.º, alínea b) do Código dos Contratos Públicos";;;;;;;Não aplicável.;Não aplicável.;false;https://community.vortal.biz/Public/public-tender-documents/TE41TlZYWXBUNnRldWlnSXo0S00rMGEvOXdGSzhxTGZvWVZLN3h6SjFrTFUwL240dElobSt0a3hRc20rcG1xdlN0NkJiUENwaFZTWlAvbXBTN20vMEE9PStseWdv;false;;;"Código dos Contratos Públicos (DL111-B/2017) e Lei n.º 30/2021, de 21.05";false;false;
"Serviços de reparação e manutenção preventiva para veículos pesados da marca ""Volvo"".";Concurso público;Aquisição de serviços;50114200-9;Principal;Serviços de manutenção de camiões;105000.0 € ;Município de Santiago do Cacém (502130040);Nors VT Trucks and Buses Portugal S.A. (505051931);"105.000,00 €";01-04-2026;30-03-2026;365 dias;"Portugal, Setúbal, Santiago do Cacém";"Artigo 20.º, n.º 1, alínea b) do Código dos Contratos Públicos";;;;;;;Não aplicável.;Não aplicável.;false;https://community.vortal.biz/Public/public-tender-documents/S21NV29oVHZGS1FCSlFpWUw4QnNXUWdFWDVpdlZHaS9nQmQ1K3dVY1p0OVRPYS9vS003TVFIR2s5VFVIQlJaN0NZUTd6eFgweFJ0dmw2aGJRaUpISlE9PVN1JSl2;false;;;"Código dos Contratos Públicos (DL111-B/2017) e Lei n.º 30/2021, de 21.05";false;false;
Empreitada de Expansão do Gabinete do MDN no 7.º Piso  Ala Nascente do Edifício do Estado Maior General das Forças Armadas;Concurso público;Empreitadas de obras públicas;45200000-9;Principal;Obras de construção total ou parcial e de engenharia civil;106121.177 € ;Secretaria-Geral do Ministério da Defesa Nacional (600032205);"TECNIPRISMA Engenharia, Lda (509766749)";"106.121,18 €";01-04-2026;18-03-2026;89 dias;"Portugal, Lisboa, Lisboa";"Artigo 19.º, alínea b) do Código dos Contratos Públicos";;;;;;;Não aplicável.;Não aplicável.;false;https://www.acingov.pt/acingovprod/2/zonaPublica/zona_publica_c/donwloadProcedurePiece/OTk0OTEz;false;;;"Código dos Contratos Públicos (DL111-B/2017) e Lei n.º 30/2021, de 21.05";false;false;
"PF 1159/2025 - Aquisição de serviços de recrutamento e seleção de recursos humanos para a Divisão de Obras Municipais e Conservação do Património (Um técnico superior, um assistente técnico e um assistente operacional)";Concurso público;Aquisição de serviços;79620000-6;Principal;"Serviços de fornecimento de pessoal, inclusive temporário";65088.0 € ;Município de Arcos de Valdevez (505211696);"Grandalvo Serviços, Lda (513979611)";"65.088,00 €";01-04-2026;31-03-2026;365 dias;"Portugal, Viana do Castelo, Arcos de Valdevez";"Artigo 20.º, n.º 1, alínea b) do Código dos Contratos Públicos";;;;;;;Não aplicável.;Não aplicável.;false;https://community.vortal.biz/Public/public-tender-documents/V1Bjbkd3VjcrUGlhVzZma01ZYmRUZ0xyVzJPWElvaTVLdy94NERRSXBuYWJpeU00RzQ2QU9DanJoMmV1dnp5UWdReTBtbnhWZHQyTldqbWgyZzhFSEE9PURsaFR5;false;;;"Código dos Contratos Públicos (DL111-B/2017) e Lei n.º 30/2021, de 21.05";false;false;
CP/142/2026 - Prestação de Serviços de Assistência Técnica de Estofos.;Concurso público;Aquisição de serviços;71356200-0;Principal;Serviços de assistência técnica;182568.0 € ;"Unidade Local de Saúde de Santo António, EPE (517392259)";Avelino Dores;"182.568,00 €";01-04-2026;30-03-2026;36 dias;Portugal;"Artigo 20.º, n.º 1, alínea b) do Código dos Contratos Públicos";;;;;;;Não aplicável.;Não aplicável.;false;https://community.vortal.biz/Public/public-tender-documents/K0dUeVQ3aVhOc3VMb0JDNnF0am5lSlJEdWt1disyMXJTZ0llK2dHQ3E3U3g1Qk1zTVI0ckFLTHFGVDIwT3VSdllvcHlNcmNSbWdpdllMY0xLMDhITFE9PTFYOUFs;false;;;"Código dos Contratos Públicos (DL111-B/2017) e Lei n.º 30/2021, de 21.05";false;false;
FCUP_FCUP_CPN_00013_2026 - Aquisição de um Sistema de Espectrómetro Raman;Concurso público;Aquisição de bens móveis;38433000-9;Principal;Espectrómetros;98000.0 € ;Universidade do Porto - Faculdade de Farmácia (FFUP) (501413197);"MT Brandão, Lda (501548084)";"98.000,00 €";01-04-2026;31-03-2026;51 dias;"Portugal, Porto, Porto";"Artigo 20.º, n.º 1, alínea b) do Código dos Contratos Públicos";;;;;;;Não aplicável.;Não aplicável.;false;https://www.acingov.pt/acingovprod/2/zonaPublica/zona_publica_c/donwloadProcedurePiece/MTA2NzkwNA;false;;;"Código dos Contratos Públicos (DL111-B/2017) e Lei n.º 30/2021, de 21.05";false;false;
"PE_25104_CNE-Concurso público nacional para empreitada de Adaptação dos Espaços Museológicos e de Apoio na Escola Secundária de Camões, em Lisboa";Concurso público;Empreitadas de obras públicas;45210000-2;Principal;Construção de edifícios;261396.43 € ;"Construção Pública, EPE (508069645)";"Linhas Gerais - Sociedade de Construções e Reabilitação Urbana, Lda (508241464)";"261.396,43 €";01-04-2026;23-03-2026;185 dias;"Portugal, Lisboa, Lisboa";"Artigo 19.º, alínea b) do Código dos Contratos Públicos";;;;;;;Não aplicável.;Não aplicável.;false;https://community.vortal.biz/Public/public-tender-documents/MkZNZTZhZXEyWGFPVytPSzRwb2x1eEt4ZlRwN3dRb3RTNGNDZnN5VkJnc291UkR5QUpxUTJvVU03S2ZrTWtUU0dWbHVSdzRtZUcweWhJektKRlZHUnc9PVVYYiZy;false;;;"Código dos Contratos Públicos (DL111-B/2017) e Lei n.º 30/2021, de 21.05";false;false;
Aquisição de viaturas elétricas;Concurso público;Aquisição de bens móveis;34144900-7;Principal;Veículos eléctricos;23985.08 € ;"Parques Tejo, EM (504719670)";Auto Industrial S.A. (500035350);"23.985,08 €";01-04-2026;30-03-2026;90 dias;"Portugal, Lisboa, Oeiras";"Artigo 20.º, n.º 1, alínea b) do Código dos Contratos Públicos";;;;;;;Não aplicável.;Não aplicável.;false;https://www.acingov.pt/acingovprod/2/zonaPublica/zona_publica_c/donwloadProcedurePiece/OTkwNDE5;false;;;"Código dos Contratos Públicos (DL111-B/2017) e Lei n.º 30/2021, de 21.05";false;false;
"262A000027 – Aquisição de consumíveis para a realização de terapia de feridas por pressão negativa, com colocação de equipamento, para o ano 2026";Concurso público;Aquisição de bens móveis;33190000-8;Principal;Dispositivos e produtos médicos variados;106930.0 € ;"Unidade Local de Saúde de Santa Maria, E. P. E. (508481287)";"Paul Hartmann, Lda. (502271728)";"106.930,00 €";01-04-2026;30-03-2026;275 dias;"Portugal, Lisboa, Lisboa";"Artigo 20.º, n.º 1, alínea a) do Código dos Contratos Públicos";;;;;;;Não aplicável.;Não aplicável.;false;https://community.vortal.biz/Public/public-tender-documents/aWdxODRJcWpzbVpEditMM09xZ0FVL2d1Wk56Z2wyY0lzcjk2Z0NVQXVxMnlBV25jYXBkVkhPY3UrQm1kVkV0RHJ4SWxhWldpZmtYdWNVcjE0eWswUmc9PVMrekZW;false;;;"Código dos Contratos Públicos (DL111-B/2017) e Lei n.º 30/2021, de 21.05";false;false;
"Aquisição de Serviços para Conceção/Construção do Stand da CIMDOURO, para participação na Feira Internacional de Turismo de Lisboa - BTL'26";Concurso público;Locação de bens móveis;39154100-7;Principal;Stands de exposição;90154.0 € ;Comunidade Intermunicipal do Douro (508779200);"Supreme Stage, Lda (510880665)";"90.154,00 €";01-04-2026;27-01-2026;60 dias;"Portugal, Lisboa, Lisboa";"Artigo 20.º, n.º 1, alínea b) do Código dos Contratos Públicos";;;;;;;Não aplicável.;Não aplicável.;false;https://community.vortal.biz/Public/public-tender-documents/VHd1dldYVGRRMW92OHZJWTFlcWV1a3Y2NlBHTkx5cEVtcC9QNWlsdnh1MjZmempKaGxiYzREZUNPSnZZdHMwajI5SDN3Tjk2MUFocmJFbGc3R1BkcHc9PUd0ZXJm;false;;;"Código dos Contratos Públicos (DL111-B/2017) e Lei n.º 30/2021, de 21.05";false;false;
"262A000027 – Aquisição de consumíveis para a realização de terapia de feridas por pressão negativa, com colocação de equipamento, para o ano 2026";Concurso público;Aquisição de bens móveis;33190000-8;Principal;Dispositivos e produtos médicos variados;331802.0 € ;"Unidade Local de Saúde de Santa Maria, E. P. E. (508481287)";"Smith & Nephew, Lda. (503552461)";"331.802,00 €";01-04-2026;30-03-2026;275 dias;"Portugal, Lisboa, Lisboa";"Artigo 20.º, n.º 1, alínea a) do Código dos Contratos Públicos";;;;;;;Não aplicável.;Não aplicável.;false;https://community.vortal.biz/Public/public-tender-documents/aWdxODRJcWpzbVpEditMM09xZ0FVL2d1Wk56Z2wyY0lzcjk2Z0NVQXVxMnlBV25jYXBkVkhPY3UrQm1kVkV0RHJ4SWxhWldpZmtYdWNVcjE0eWswUmc9PVMrekZW;false;;;"Código dos Contratos Públicos (DL111-B/2017) e Lei n.º 30/2021, de 21.05";false;false;
"Aquisição de Solução Tecnológica para testes de IA para a Unidade Local de Saúde São João, EPE ";Concurso público;Aquisição de bens móveis;30230000-0;Principal;Equipamento informático;229969.78 € ;"Unidade Local de Saúde de São João, EPE (509821197)";"CLARANET PORTUGAL, S.A. (503412031)";"229.969,78 €";01-04-2026;31-03-2026;30 dias;"Portugal, Porto, Porto";"Artigo 20.º, n.º 1, alínea a) do Código dos Contratos Públicos";;;;;;;Não aplicável.;Não aplicável.;false;https://community.vortal.biz/Public/public-tender-documents/REpuZUdnQ1VGZGVBRGFZVk1EZlZUbFNjcnI1cVBheDB0dWRoUlA1TWF3M3lXaTlqWnIxc0dJS0UvWm1oMGVaZGVpK3FSWTd1VUhaaDBHbnROZTFMR3c9PTF5eSUx;false;;;"Código dos Contratos Públicos (DL111-B/2017) e Lei n.º 30/2021, de 21.05";false;false;
"Aquisição do serviço Rent-a-Car – de março a dezembro de 2026, para 18 viaturas ligeiras de passageiros de tipologia inferior";Concurso público;Aquisição de serviços;60100000-9;Principal;Serviços de transporte rodoviário;72900.0 € ;"Comissão de Coordenação e Desenvolvimento Regional do Centro, IP (517638754)";"Internacional Car II, S.A. (515333913)";"72.900,00 €";01-04-2026;27-03-2026;306 dias;"Portugal, Coimbra, Coimbra";"Artigo 20.º, n.º 1, alínea b) do Código dos Contratos Públicos";;;;;;;Não aplicável.;Não aplicável.;false;https://community.vortal.biz/Public/public-tender-documents/dXcxR1g4cXdpRXlNLzk1MWI0d2tvQzAzMGdFNktCTGhFNStNK0RlVHBLeEhnNlZ0Z3dwWVJtZ2VKTDkvUk5tckRyNHA0NURRekExZjg5L2lQRFBnWnc9PWdrcUc3;false;;;"Código dos Contratos Públicos (DL111-B/2017) e Lei n.º 30/2021, de 21.05";false;false;
"262A000027 – Aquisição de consumíveis para a realização de terapia de feridas por pressão negativa, com colocação de equipamento, para o ano 2026";Concurso público;Aquisição de bens móveis;33190000-8;Principal;Dispositivos e produtos médicos variados;75550.0 € ;"Unidade Local de Saúde de Santa Maria, E. P. E. (508481287)";3M ESPANHA SUCURSAL PORTUGAL (980560241);"75.550,00 €";01-04-2026;30-03-2026;275 dias;"Portugal, Lisboa, Lisboa";"Artigo 20.º, n.º 1, alínea a) do Código dos Contratos Públicos";;;;;;;Não aplicável.;Não aplicável.;false;https://community.vortal.biz/Public/public-tender-documents/aWdxODRJcWpzbVpEditMM09xZ0FVL2d1Wk56Z2wyY0lzcjk2Z0NVQXVxMnlBV25jYXBkVkhPY3UrQm1kVkV0RHJ4SWxhWldpZmtYdWNVcjE0eWswUmc9PVMrekZW;false;;;"Código dos Contratos Públicos (DL111-B/2017) e Lei n.º 30/2021, de 21.05";false;false;
Aquisição de Fardamento de Segurança;Concurso público;Aquisição de bens móveis;35113000-9;Principal;Equipamento de segurança;70681.93 € ;"AC, Águas de Coimbra, EM (506566307)";"HR PROTECÇÃO, SA (505766205)";"70.681,93 €";01-04-2026;19-02-2026;730 dias;"Portugal, Coimbra, Coimbra";"Artigo 20.º, n.º 1, alínea b) do Código dos Contratos Públicos";;;;;;;Não aplicável.;Não aplicável.;false;https://www.anogov.com/em-aguasdecoimbra/faces/app/acessoDocs.jsp?codigoAcesso=IT6s1JRD88nOfAIdZkl7UDPj5yDlxooO5bixo65fs9mrEYmYjW;false;;;"Código dos Contratos Públicos (DL111-B/2017) e Lei n.º 30/2021, de 21.05";false;false;
0200353.242026 - Aquisição de Elétrodos para Monotorização Cardíaca;Concurso público;Aquisição de bens móveis;33140000-3;Principal;Material médico de consumo;4177.14 € ;"Unidade Local de Saúde de Entre o Douro e Vouga, EPE (508878462)";"EZEQUIEL PANAO JORGE,LDA (501412727)";"4.177,14 €";01-04-2026;09-03-2026;1096 dias;"Portugal, Aveiro, Santa Maria da Feira<BR/>Portugal, Aveiro, Santa Maria da Feira";"Artigo 20.º, n.º 1, alínea b) do Código dos Contratos Públicos";;;;;;;Não aplicável.;Não aplicável.;false;https://community.vortal.biz/Public/public-tender-documents/dXkvenV6L0JheUx3a3cwZVVZdWdSbEdYb1FNZGo3ODd6RVhTRHVZcmc1ZmJ6V0hwbUVKTHB5Ky9PODRVYUJ2SG9OSGJsVHNyZlU0cHoxSWZWa0FuVmc9PV9FdU5D;false;;;"Código dos Contratos Públicos (DL111-B/2017) e Lei n.º 30/2021, de 21.05";false;false;
CP 5301/25 - Assistência Técnica ao Hardware do Datacenter e Serviços de Engenharia de Sistemas;Concurso público;Aquisição de serviços;50312300-8;Principal;Manutenção e reparação de equipamento para redes de dados;14979.0 € ;"Instituto Português de Oncologia do Porto Francisco Gentil, EPE (506362299)";"Ricoh Portugal IT Services, Lda. (504099388)";"14.979,00 €";01-04-2026;23-03-2026;305 dias;"Portugal, Porto, Porto";"Artigo 20.º, n.º 1, alínea b) do Código dos Contratos Públicos";;;;;;;Não aplicável.;Não aplicável.;false;https://community.vortal.biz/Public/public-tender-documents/bitrQ3dLSXpXZVZhaWQzWWg3V2dVMFE1ckkrOXhiYXY0MEY0cG5YSzQyZjFuTm5mUTFDUkZTeTlzWGkwVHRhYUVHRldFQ3B5cUpuNFBBV0dBZnlNVlE9PVc3R0w0;false;;;"Código dos Contratos Públicos (DL111-B/2017) e Lei n.º 30/2021, de 21.05";false;false;
Aquisição de mobiliário e quadros interativos para salas de formação - PRR;Concurso público;Aquisição de bens móveis;30195200-4;Principal;Quadros electrónicos ou acessórios;29856.0 € ;"Centro de Formação Profissional da Indústria Têxtil, Vestuário, Confecção e Lanifícios (Modatex) (509906478)";"BCN - Sistemas de Escritório e Imagem, SA (505317087)";"29.856,00 €";01-04-2026;31-03-2026;122 dias;"Portugal, Braga, Barcelos";"Artigo 20.º, n.º 1, alínea a) do Código dos Contratos Públicos";;;;;;;Não aplicável.;Não aplicável.;false;https://www.acingov.pt/acingovprod/2/zonaPublica/zona_publica_c/donwloadProcedurePiece/OTA2NjI2;false;;;"Código dos Contratos Públicos (DL111-B/2017) e Lei n.º 30/2021, de 21.05";false;false;
"Aquisição de solução tecnológica de speech-to-text e NLP que permita preenchimento adequado de diários clínicos e similares, no âmbito hospitalar e CSPs (PRR)";Concurso público;Aquisição de serviços;72500000-0;Principal;Serviços relacionados com a informática;1016949.12 € ;"Serviços Partilhados do Ministério da Saúde, EPE (509540716)";"Promptly Software Solutions for Health Measures, SA (514420332)";"1.016.949,12 €";01-04-2026;30-03-2026;60 dias;"Portugal, Lisboa, Lisboa<BR/>Portugal, Porto";"Artigo 20.º, n.º 1, alínea a) do Código dos Contratos Públicos";;;;;;;Não aplicável.;Não aplicável.;false;https://community.vortal.biz/Public/public-tender-documents/R05zd3lBaDl2NlZad1ZFTHNudU9zdjJ3by9QSFdUdkZhaTlJQ0N0RzhnRlMzR1lHdWVWNWxQcHEzc0I5cDN5QVpiTFZPaXEwSU9Yd1ZyTEFTaXorSGc9PUN3cSZH;false;;;"Código dos Contratos Públicos (DL111-B/2017) e Lei n.º 30/2021, de 21.05";false;false;
Aluguer operacional de 11 veículos automóveis ligeiros pelo período de 24 meses;Concurso público;Aquisição de serviços;50111100-7;Principal;Serviços de gestão de frotas de veículos;254607.56 € ;Município de Elvas (501272968);MONDEGORENT  Rent a Car LDA (516717600);"254.607,56 €";01-04-2026;31-03-2026;731 dias;"Portugal, Portalegre, Elvas";"Artigo 20.º, n.º 1, alínea a) do Código dos Contratos Públicos";;;;;;;Não aplicável.;Não aplicável.;false;https://community.vortal.biz/Public/public-tender-documents/WFFONXFVWmNSUFN1L09GQXpQd05oaUVDbXBhbE55aDZaYXY3V0d2V0RXaURTZVo4djRSUTBaQzFmRk9RcGY1OWEwNlMxSnNjSmJNcm9YM1dEWjdrdFE9PWJuZF5V;false;;;"Código dos Contratos Públicos (DL111-B/2017) e Lei n.º 30/2021, de 21.05";false;false;
ICP20250088-MAT. TERAPEUT. DA DOR - RADIOFREQUENCIA;Concurso público;Aquisição de bens móveis;33190000-8;Principal;Dispositivos e produtos médicos variados;97500.0 € ;"Serviço de Saúde da Região Autónoma da Madeira, EPE-RAM (511228848)";Avanos Medical Portugal Lda (517921928);"97.500,00 €";01-04-2026;31-03-2026;1096 dias;"Portugal, Região Autónoma da Madeira, Funchal<BR/>Portugal, Região Autónoma da Madeira, Funchal<BR/>Portugal, Região Autónoma da Madeira, Funchal<BR/>Portugal, Região Autónoma da Madeira, Funchal";"Artigo 20.º, n.º 1, alínea a) do Código dos Contratos Públicos";;;;;;;Não aplicável.;Não aplicável.;false;https://www.acingov.pt/acingovprod/2/zonaPublica/zona_publica_c/donwloadProcedurePiece/OTg2MTQz;false;;;"Código dos Contratos Públicos (DL 111-B/2017) e Lei n.º 30/2021, de 21.05 e DLR nº 34/2008/M, de 14.08 (DLR n.º 6/2018/M)";false;false;
02/001287.29/2026 - Aquisição de Material para a Cirurgia de Obesidade Laparoscópica;Concurso público;Aquisição de bens móveis;33160000-9;Principal;Técnicas cirúrgicas;214000.0 € ;"Unidade Local de Saúde de Entre o Douro e Vouga, EPE (508878462)";"MEDTRONIC PORTUGAL, LDA. (504223933)";"214.000,00 €";01-04-2026;19-03-2026;60 dias;Portugal;Artigo 155.º do Código dos Contratos Públicos;;;;;;;Não aplicável.;Não aplicável.;false;https://community.vortal.biz/Public/public-tender-documents/Yy9qZ1BUVm1NTnI1Y1puY2RSUjZyRXpSOThJbmtSSEN4SlZmbDE2Sk4xdk0wNGtsdE5TKzJVR2poakcxTXl1ZEo3VFRrK2JSVUlsdndDdWM0QTZSL1E9PVZLM3o0;false;;;"Código dos Contratos Públicos (DL111-B/2017) e Lei n.º 30/2021, de 21.05";false;false;
IP8 (EN260) - SERPA (KM 28+580) E VN SÃO BENTO (45+885) - REABILITAÇÃO;Concurso público;Aquisição de serviços;71335000-5;Principal;Estudos de engenharia;397552.08 € ;"Infraestruturas de Portugal, SA (503933813)";"PROF. EDGAR CARDOSO, ENG. LAB. ESTRUTURAS, LDA (502813237)";"397.552,08 €";01-04-2026;30-03-2026;390 dias;"Portugal, Beja, Serpa";"Artigo 20.º, n.º 1, alínea a) do Código dos Contratos Públicos";;;;;;;Não aplicável.;Não aplicável.;false;https://www.anogov.com/infraestruturasdeportugal-ip/faces/app/acessoDocs.jsp?codigoAcesso=YYZNfomKbctfphRrDpaLmn5tbZ1kqzJybccLRPTaMNfp1K14cB;false;;;Código dos Contratos Públicos ( DL 111-B/2017 );false;false;
Aquisição de medicamentos de várias áreas terapêuticas;Concurso público;Aquisição de bens móveis;33690000-3;Principal;Medicamentos vários;61188.25 € ;"Unidade Local de Saúde do Alentejo Central, E. P. E. (508085888)";"LABESFAL, Laboratório Almiro S.A. (501169580)";"61.188,25 €";01-04-2026;13-08-2025;2830 dias;"Portugal, Évora, Évora";"Artigo 20.º, n.º 1, alínea a) do Código dos Contratos Públicos";;;;;;;Não aplicável.;Não aplicável.;false;https://community.vortal.biz/Public/public-tender-documents/cGNHczZwekR6RXRQK2d0QXYrWEdEai80ejFadUdiaVh2TlZET0dCTTdOM3dGZk8zbkhxR3hyZGJ0S0R4WW5TS3cveU1yQzdEayt5S0crd3dGLzRiSVE9PW82ajZW;false;;;"Código dos Contratos Públicos (DL111-B/2017) e Lei n.º 30/2021, de 21.05";false;false;
Fornecimento de Eletricidade para instalações alimentadas em BTE e BTN ¿ Ano 2026 ;Concurso público;Aquisição de bens móveis;09310000-5;Principal;Electricidade;53646.82 € ;Freguesia de São Martinho do Porto (506450201);"EDP Comercial, SA (503504564)";"53.646,82 €";01-04-2026;20-01-2026;345 dias;"Portugal, Leiria, Alcobaça";"Artigo 20.º, n.º 1, alínea b) do Código dos Contratos Públicos";;;;;;;Não aplicável.;Não aplicável.;false;https://www.compraspt.com/cpt-jfmartinhoporto/faces/app/acessoDocs.jsp?codigoAcesso=nPkaDvxBaP8GYerZYnYGavtv0nCZZjQXinh0O0Niya0VHoKncB;false;;;Código dos Contratos Públicos ( DL 111-B/2017 );false;false;
Contratação de serviços de aluguer de 4 viaturas em regime de rent-a-car;Concurso público;Aquisição de serviços;60170000-0;Principal;Aluguer de veículos para transporte de passageiros com condutor;29760.0 € ;"Laboratório Nacional de Engenharia Civil, IP (501389660)";CRC - Car Rental Company (514157607);"29.760,00 €";01-04-2026;31-03-2026;365 dias;"Portugal, Lisboa, Lisboa";"Artigo 155.º, alínea a) do Código dos Contratos Públicos";;;;;;;Não aplicável.;Não aplicável.;false;https://community.vortal.biz/Public/public-tender-documents/SEFHV2lQcFg5TndpNUJvbG9jUVBya2dSVGEwdk5wS0dZeUZBRnMzVHYyOXN3OEs0dzBsOEd1a0FjUTh2Vm5LUmRMQVlsK2NRRFk5VUFsclhpSTFpT2c9PVMkTHJA;false;;;"Código dos Contratos Públicos (DL111-B/2017) e Lei n.º 30/2021, de 21.05";false;false;
Aquisição de serviços de segurança e vigilância para as instalações do Parque de Campismo Baía Azul ¿ Ano 2026;Concurso público;Aquisição de serviços;79710000-4;Principal;Serviços de segurança;79401.7 € ;Freguesia de São Martinho do Porto (506450201);PROTECÇÃO TOTAL - SEGURANÇA PRIVADA S.A. (507756002);"79.401,70 €";01-04-2026;01-03-2026;306 dias;"Portugal, Leiria, Alcobaça";"Artigo 20.º, n.º 1, alínea b) do Código dos Contratos Públicos";;;;;;;Não aplicável.;Não aplicável.;false;https://www.compraspt.com/cpt-jfmartinhoporto/faces/app/acessoDocs.jsp?codigoAcesso=J25LeyGEXvAPwdiy0Sp3NbUBtJ0PL2NOTygF64n9EQW7GWzSnP;false;;;Código dos Contratos Públicos ( DL 111-B/2017 );false;false;
"Aquisição de Fibras Laser, com colocação contra consumo de equipamentos";Concurso público;Aquisição de bens móveis;33140000-3;Principal;Material médico de consumo;78540.0 € ;"Unidade Local de Saúde do Alentejo Central, E. P. E. (508085888)";Artur Oliveira Medical Tech Lda (515714909);"78.540,00 €";01-04-2026;19-12-2025;3287 dias;"Portugal, Évora, Évora";"Artigo 20.º, n.º 1, alínea b) do Código dos Contratos Públicos";;;;;;;Não aplicável.;Não aplicável.;false;https://community.vortal.biz/Public/public-tender-documents/QmNodlpWaXBPSWhoejVvN0NEa1BGR1hGejlOWGhsSC9XWlp1NngzeUpFSU5IV3ZGMm4xTW16Rnd5a2dTS2NQcXhMQktWNWlDV290SGVMK2pUOW9ZbUE9PXRKeGJt;false;;;"Código dos Contratos Públicos (DL111-B/2017) e Lei n.º 30/2021, de 21.05";false;false;
"Locação de bens móveis inerentes a serviço de impressão, cópia, digitalização, consumíveis, software, suporte e manutenção";Concurso público;Aquisição de serviços;50313200-4;Principal;Serviços de manutenção de fotocopiadoras;139490.56 € ;Município de Elvas (501272968);"COPIALTA REPRESENTAÇÕES, LDA (502852577)";"139.490,56 €";01-04-2026;31-03-2026;1096 dias;"Portugal, Portalegre, Elvas";"Artigo 20.º, n.º 1, alínea b) do Código dos Contratos Públicos";;;;;;;Não aplicável.;Não aplicável.;false;https://community.vortal.biz/Public/public-tender-documents/YlVSVi9FUHlOL1hBRUYxZTBFZjRlS2ZqQnQ2cGtyTlBmaTZHeWs1Nmptc2l6dC8wSFlRY0c4VEdtWU9XYkltamttQTNRaHRCTCtaMU0yZ2h6WDBLdVE9PVpEc1lC;false;;;"Código dos Contratos Públicos (DL111-B/2017) e Lei n.º 30/2021, de 21.05";false;false;
"Concurso Público Internacional nº 1399/2025 – Aquisição de Implantes de sistema de estimulação medular para um período de 24 meses para a ULS de Santo António, EPE";Concurso público;Aquisição de bens móveis;33140000-3;Principal;Material médico de consumo;648750.0 € ;"Unidade Local de Saúde de Santo António, E. P. E. (517392259)";"Boston Scientific Portugal, Dispositivos Médicos, Lda. (504988964)";"648.750,00 €";01-04-2026;27-03-2026;731 dias;"Portugal, Porto, Porto";"Artigo 20.º, n.º 1, alínea a) do Código dos Contratos Públicos";;;;;;;Não aplicável.;Não aplicável.;false;https://community.vortal.biz/Public/public-tender-documents/aXgzTm1QbnFHMk9VdDNjdnRLdUdhMjRmK242OWJuZmZSeVdKZC9sejM5ZSt2aVpZWC9yRnZKZkhRcFhUT1VkYTJ0eEtIT0RBVnhJb29SVyt0T1lWNFE9PV4oX2FJ;false;;;"Código dos Contratos Públicos (DL111-B/2017) e Lei n.º 30/2021, de 21.05";false;false;
"Aquisição de equipamentos para as secções de formação do CPJ, nas áreas do audiovisual e produção dos media, de música e de multimédia";Concurso público;Aquisição de bens móveis;32300000-6 | 37300000-1;Principal | Suplementar;Aparelhos receptores de rádio e televisão e aparelhos para gravação ou reprodução de som e imagem | Instrumentos musicais e respectivas peças;45461.89 €  | 24898.6 € ;Centro Protocolar de Formação Profissional para o Setor da Justiça (502104511);Viana Musica (502162414);"70.360,49 €";01-04-2026;24-03-2026;20 dias;Portugal;"Artigo 20.º, n.º 1, alínea b) do Código dos Contratos Públicos";;;;;;;Não aplicável.;Não aplicável.;false;https://www.acingov.pt/acingovprod/2/zonaPublica/zona_publica_c/donwloadProcedurePiece/MTA0OTc4Mw;false;;;"Código dos Contratos Públicos (DL111-B/2017) e Lei n.º 30/2021, de 21.05";false;false;
"Aquisição de equipamentos para as secções de formação do CPJ, nas áreas do audiovisual e produção dos media, de música e de multimédia";Concurso público;Aquisição de bens móveis;30200000-1;Principal;Equipamento e material informático;10792.0 € ;Centro Protocolar de Formação Profissional para o Setor da Justiça (502104511);PRN Informática (504100327);"10.792,00 €";01-04-2026;23-03-2026;20 dias;Portugal;"Artigo 20.º, n.º 1, alínea b) do Código dos Contratos Públicos";;;;;;;Não aplicável.;Não aplicável.;false;https://www.acingov.pt/acingovprod/2/zonaPublica/zona_publica_c/donwloadProcedurePiece/MTA0OTc4Mw;false;;;"Código dos Contratos Públicos (DL111-B/2017) e Lei n.º 30/2021, de 21.05";false;false;
"Aquisição de equipamentos para as secções de formação do CPJ, nas áreas do audiovisual e produção dos media, de música e de multimédia";Concurso público;Aquisição de bens móveis;32300000-6;Principal;Aparelhos receptores de rádio e televisão e aparelhos para gravação ou reprodução de som e imagem;9198.0 € ;Centro Protocolar de Formação Profissional para o Setor da Justiça (502104511);"Tech Plaza, Lda (507924320)";"9.198,00 €";01-04-2026;23-03-2026;20 dias;Portugal;"Artigo 20.º, n.º 1, alínea b) do Código dos Contratos Públicos";;;;;;;Não aplicável.;Não aplicável.;false;https://www.acingov.pt/acingovprod/2/zonaPublica/zona_publica_c/donwloadProcedurePiece/MTA0OTc4Mw;false;;;"Código dos Contratos Públicos (DL111-B/2017) e Lei n.º 30/2021, de 21.05";false;false;
Aquisição de serviços de auditoria externa para a realização de auditorias a operações cofinanciadas por fundos e instrumentos de financiamento europeus ;Concurso público;Aquisição de serviços;79212000-3;Principal;Serviços de auditoria;61600.0 € ;"Agência para o Desenvolvimento e Coesão, IP (510928374)";"JÚLIO ALVES, CABRAL, SARAIVA & ASSOCIADO, SROC, LDA (501458107)";"61.600,00 €";01-04-2026;31-03-2026;365 dias;Portugal;"Artigo 20.º, n.º 1, alínea a) do Código dos Contratos Públicos";;;;;;;Não aplicável.;Não aplicável.;false;https://www.acingov.pt/acingovprod/2/zonaPublica/zona_publica_c/donwloadProcedurePiece/OTkyMzYx;false;;;"Código dos Contratos Públicos (DL111-B/2017) e Lei n.º 30/2021, de 21.05";false;false;
Fornecimento e instalação de Smartboards ;Concurso público;Aquisição de bens móveis;30195200-4;Principal;Quadros electrónicos ou acessórios;29790.0 € ;Faculdade de Ciências da Universidade de Lisboa (502618418);"BI - BRIGHT, COMUNICAÇÃO VISUAL INTERACTIVA S.A. (508975662)";"29.790,00 €";01-04-2026;27-03-2026;30 dias;Portugal;"Artigo 20.º, n.º 1, alínea b) do Código dos Contratos Públicos";;;;;;;Não aplicável.;Não aplicável.;false;https://www.acingov.pt/acingovprod/2/zonaPublica/zona_publica_c/donwloadProcedurePiece/MTA1Njc1Nw;false;;;"Código dos Contratos Públicos (DL111-B/2017) e Lei n.º 30/2021, de 21.05";false;false;
"Seleção de um Operador Económico para Prestação de Serviços para a Plataforma de Pagamentos (Gateway de Pagamentos), que permite agregar os diversos tipos de pagamentos dentro da Plataforma @MADEIRA";Concurso público;Aquisição de serviços;66110000-4;Principal;Serviços de banca;Inexistente;"Agência de Inovação e Modernização da Região Autónoma da Madeira, IP-RAM (517252481)";"PAYPAYUE - Instituição de Pagamento, Unipessoal Lda (507979168)";"0,00 €";01-04-2026;31-03-2026;365 dias;Portugal;"Artigo 20.º, n.º 1, alínea a) do Código dos Contratos Públicos";;;;;;;Não aplicável.;Não aplicável.;false;https://www.acingov.pt/acingovprod/2/zonaPublica/zona_publica_c/donwloadProcedurePiece/MTAwMjY5NA;false;;;"Código dos Contratos Públicos (DL 111-B/2017) e Lei n.º 30/2021, de 21.05 e DLR nº 34/2008/M, de 14.08 (DLR n.º 6/2018/M)";false;false;
Fornecimento continuo de contadores de água limpa fria;Concurso público;Aquisição de bens móveis;38421100-3;Principal;Contadores de água;14488.0 € ;"Vimágua - Empresa de Água e Saneamento de Guimarães e Vizela, EIM, SA (505993082)";"JANZ - Contagem e Gestão de Fluidos, SA (505232235)";"14.488,00 €";31-03-2026;30-03-2026;365 dias;Portugal;"Artigo 20.º, n.º 1, alínea b) do Código dos Contratos Públicos";;;;;;;Não aplicável.;Não aplicável.;false;https://www.acingov.pt/acingovprod/2/zonaPublica/zona_publica_c/donwloadProcedurePiece/MTA0ODM0NA;false;;;"Código dos Contratos Públicos (DL111-B/2017) e Lei n.º 30/2021, de 21.05";false;false;
"BM_01.2026 -Aquisição de Veículos Operacionais (VLCI e VCOT) - Lote 1 - e Aquisição de retroescavadora - Lote 2 -, no âmbito da candidatura CENTRO2030-FEDER-03150400";Concurso público;Aquisição de bens móveis;34144210-3;Principal;Veículos de combate a incêndios;83380.0 € ;Município de Fornos de Algodres (505592959);"Espaço Mecânico, S.A. (502930462)";"83.380,00 €";31-03-2026;27-03-2026;30 dias;"Portugal, Guarda, Fornos de Algodres";"Artigo 20.º, n.º 1, alínea b) do Código dos Contratos Públicos";;;;;;;Não aplicável.;Não aplicável.;false;https://community.vortal.biz/Public/public-tender-documents/MllhbHp2LytsUlBveTlZeDczMG95UW9zVkthR0d4dmd0dDhGUHJUWXBXenhYa2t6ejR3cHp5blg3RndvalU3RUF2M1BZak4vWE9QQnNzVnBmckNCakE9PVFsa19Y;false;;;"Código dos Contratos Públicos (DL111-B/2017) e Lei n.º 30/2021, de 21.05";false;false;
Aluguer e instalação de equipamentos para a Feira JobShop Ciências 2026;Concurso público;Aquisição de serviços;79952000-2;Principal;Serviços de eventos;37914.0 € ;Faculdade de Ciências (502618418);VTE EVENTOS LDA (510782582);"37.914,00 €";31-03-2026;31-03-2026;7 dias;Portugal;"Artigo 20.º, n.º 1, alínea b) do Código dos Contratos Públicos";;;;;;;Não aplicável.;Não aplicável.;false;https://www.acingov.pt/acingovprod/2/zonaPublica/zona_publica_c/donwloadProcedurePiece/MTA1ODI0Mg;false;;;"Código dos Contratos Públicos (DL111-B/2017) e Lei n.º 30/2021, de 21.05";false;false;
4025026849/DA/P0017A/2025-Aquisição de Colchões ortopédicos Exército para CNR;Concurso público;Aquisição de bens móveis;39143112-4;Principal;Colchões;140000.0 € ;Gabinete do Chefe do Estado-Maior do Exército (600021610);J. J. LOURO PEREIRA S.A. (501135227);"140.000,00 €";31-03-2026;30-03-2026;60 dias;Portugal;"Artigo 20.º, n.º 1, alínea a) do Código dos Contratos Públicos";;;;;;;Não aplicável.;Não aplicável.;false;https://www.acingov.pt/acingovprod/2/zonaPublica/zona_publica_c/donwloadProcedurePiece/OTk3MDM3;false;;;"Código dos Contratos Públicos (DL111-B/2017) e Lei n.º 30/2021, de 21.05";false;false;
Aquisição de equipamento de rede;Concurso público;Aquisição de bens móveis;32400000-7;Principal;Redes;70233.94 € ;Instituto Politécnico de Lisboa (508519713);"Officelan, Lda (507236912)";"70.233,94 €";31-03-2026;26-03-2026;40 dias;Portugal;"Artigo 20.º, n.º 1, alínea b) do Código dos Contratos Públicos";;;;;;;Não aplicável.;Não aplicável.;false;https://www.acingov.pt/acingovprod/2/zonaPublica/zona_publica_c/donwloadProcedurePiece/MTA2NTQwNw;false;;;"Código dos Contratos Públicos (DL111-B/2017) e Lei n.º 30/2021, de 21.05";false;false;
